<?xml version="1.0" standalone="yes"?>
<emeData>
  <xs:schema id="emeData" xmlns="" xmlns:xs="http://www.w3.org/2001/XMLSchema" xmlns:msdata="urn:schemas-microsoft-com:xml-msdata">
    <xs:element name="Citation">
      <xs:complexType>
        <xs:sequence>
          <xs:element name="origin">
            <xs:simpleType>
              <xs:restriction base="xs:string">
                <xs:maxLength value="255" />
              </xs:restriction>
            </xs:simpleType>
          </xs:element>
          <xs:element name="pubdate">
            <xs:simpleType>
              <xs:restriction base="xs:string">
                <xs:maxLength value="255" />
              </xs:restriction>
            </xs:simpleType>
          </xs:element>
          <xs:element name="title">
            <xs:simpleType>
              <xs:restriction base="xs:string">
                <xs:maxLength value="255" />
              </xs:restriction>
            </xs:simpleType>
          </xs:element>
          <xs:element name="default" default="false">
            <xs:simpleType>
              <xs:restriction base="xs:boolean" />
            </xs:simpleType>
          </xs:element>
        </xs:sequence>
      </xs:complexType>
    </xs:element>
    <xs:element name="emeData" msdata:IsDataSet="true" msdata:MainDataTable="Citation" msdata:UseCurrentLocale="true" msdata:EnforceConstraints="False">
      <xs:complexType>
        <xs:choice minOccurs="0" maxOccurs="unbounded">
          <xs:element ref="Citation" />
        </xs:choice>
      </xs:complexType>
    </xs:element>
  </xs:schema>
  <Citation>
    <origin>US Environmental Protection Agency</origin>
    <pubdate>2007</pubdate>
    <title>USEPA Geospatial Metadata Sample Title</title>
    <default>true</default>
  </Citation>
</emeData>