<contacts>
  <contact>
    <editorSource>EPA Directory</editorSource>
    <editorDigest>32</editorDigest>
    <rpOrgName>U.S. Environmental Protection Agency, Region 1</rpOrgName>
    <rpIndName>Tom Giffen</rpIndName>
    <rpPosName>Chief, Information Technology Section</rpPosName>
    <rpCntInfo editorExpand="False">
      <cntAddress addressType="both">
        <delPoint>5 Post Office Square, Suite 100</delPoint>
        <city>Boston</city>
        <adminArea>MA</adminArea>
        <postCode>02109</postCode>
        <eMailAdd>giffen.tom@epa.gov</eMailAdd>
      </cntAddress>
      <cntPhone>
        <voiceNum>617-918-1444</voiceNum>
        <faxNum>(617) 918-1809</faxNum>
      </cntPhone>
      <cntOnlineRes>
        <linkage>http://www.epa.gov/region01/</linkage>
        <protocol>website</protocol>
        <orFunct>
          <OnFunctCd value="002">
          </OnFunctCd>
        </orFunct>
      </cntOnlineRes>
    </rpCntInfo>
    <editorSave>False</editorSave>
  </contact>
  <contact>
    <editorSource>EPA Directory</editorSource>
    <editorDigest>33</editorDigest>
    <rpOrgName>U.S. Environmental Protection Agency, Region 2, GIS Team</rpOrgName>
    <rpIndName>Bob Simpson</rpIndName>
    <rpPosName>GIS Analyst</rpPosName>
    <rpCntInfo editorExpand="False">
      <cntAddress addressType="both">
        <delPoint>290 Broadway</delPoint>
        <city>New York</city>
        <adminArea>NY </adminArea>
        <postCode>10007</postCode>
        <eMailAdd>r2gisdata@epa.gov</eMailAdd>
      </cntAddress>
      <cntPhone>
        <voiceNum>(212) 637-3335</voiceNum>
        <faxNum>(212) 637-3358</faxNum>
      </cntPhone>
      <cntOnlineRes>
        <linkage>http://www.epa.gov/region02/</linkage>
        <protocol>website</protocol>
        <orFunct>
          <OnFunctCd value="002">
          </OnFunctCd>
        </orFunct>
      </cntOnlineRes>
    </rpCntInfo>
    <editorSave>False</editorSave>
  </contact>
    <contact>
    <editorSource>EPA Directory</editorSource>
    <editorDigest></editorDigest>
    <rpOrgName>U.S. Environmental Protection Agency, Region 2, GIS Team</rpOrgName>
    <rpIndName></rpIndName>
    <rpPosName></rpPosName>
    <rpCntInfo editorExpand="False">
      <cntAddress>
        <delPoint></delPoint>
        <city>New York</city>
        <adminArea>NY</adminArea>
        <postCode>10007</postCode>
        <eMailAdd></eMailAdd>
      </cntAddress>
      <cntPhone>
        <voiceNum>(212) 637-3335</voiceNum>
        <faxNum>(212) 637-3358</faxNum>
      </cntPhone>
      <cntOnlineRes>
        <linkage>http://www.epa.gov/region02/</linkage>
        <protocol>website</protocol>
        <orFunct>
          <OnFunctCd value="002">
          </OnFunctCd>
        </orFunct>
      </cntOnlineRes>
    </rpCntInfo>
    <editorSave>False</editorSave>
  </contact>
  <contact>
    <editorSource>EPA Directory</editorSource>
    <editorDigest>34</editorDigest>
    <rpOrgName>U.S. Environmental Protection Agency, Region 2, GIS Team</rpOrgName>
    <rpIndName>Grace Smith</rpIndName>
    <rpPosName>GIS Analyst</rpPosName>
    <rpCntInfo editorExpand="False">
      <cntAddress addressType="both">
        <delPoint>290 Broadway</delPoint>
        <city>New York</city>
        <adminArea>NY </adminArea>
        <postCode>10007</postCode>
        <eMailAdd>r2gisdata@epa.gov</eMailAdd>
      </cntAddress>
      <cntPhone>
        <voiceNum>212-637-3589</voiceNum>
        <faxNum>212-637-5045</faxNum>
      </cntPhone>
      <cntOnlineRes>
        <linkage>http://www.epa.gov/region02/</linkage>
        <protocol>website</protocol>
        <orFunct>
          <OnFunctCd value="002">
          </OnFunctCd>
        </orFunct>
      </cntOnlineRes>
    </rpCntInfo>
    <editorSave>False</editorSave>
  </contact>
  <contact>
    <editorSource>EPA Directory</editorSource>
    <editorDigest>35</editorDigest>
    <rpOrgName>U.S. Environmental Protection Agency, Office of Environmental Information</rpOrgName>
    <rpIndName>Harvey Simon</rpIndName>
    <rpPosName>EPA Geospatial Information Officer</rpPosName>
    <rpCntInfo editorExpand="False">
      <cntAddress addressType="both">
        <delPoint>2810A, Room 5312C EPA Ariel Rios North</delPoint>
        <city>Washington</city>
        <adminArea>DC</adminArea>
        <postCode>20460</postCode>
        <eMailAdd>simon.harvey@epa.gov</eMailAdd>
      </cntAddress>
      <cntPhone>
        <voiceNum>(202) 566-0917</voiceNum>
      </cntPhone>
      <cntOnlineRes>
        <linkage>http://www.epa.gov/aboutepa/oei.html</linkage>
        <protocol>website</protocol>
        <orFunct>
          <OnFunctCd value="002">
          </OnFunctCd>
        </orFunct>
      </cntOnlineRes>
    </rpCntInfo>
    <editorSave>False</editorSave>
  </contact>
  <contact>
    <editorSource>EPA Directory</editorSource>
    <editorDigest>36</editorDigest>
    <rpOrgName>U.S. Environmental Protection Agency, Region 2, GIS Team</rpOrgName>
    <rpIndName>Linda Timander</rpIndName>
    <rpPosName>GIS Analyst</rpPosName>
    <rpCntInfo editorExpand="False">
      <cntAddress addressType="both">
        <delPoint>290 Broadway</delPoint>
        <city>New York</city>
        <adminArea>NY </adminArea>
        <postCode>10007-1866</postCode>
        <eMailAdd>r2gisdata@epa.gov</eMailAdd>
      </cntAddress>
      <cntPhone>
        <voiceNum>(212) 637-3596</voiceNum>
      </cntPhone>
      <cntOnlineRes>
        <linkage>http://www.epa.gov/region02/</linkage>
        <protocol>website</protocol>
        <orFunct>
          <OnFunctCd value="002">
          </OnFunctCd>
        </orFunct>
      </cntOnlineRes>
    </rpCntInfo>
    <editorSave>False</editorSave>
  </contact>
  <contact>
    <editorSource>EPA Directory</editorSource>
    <editorDigest>38</editorDigest>
    <rpOrgName>U.S. Environmental Protection Agency, Region 2, GIS Team</rpOrgName>
    <rpIndName>Robert Eckman</rpIndName>
    <rpPosName>GIS Database Administrator</rpPosName>
    <rpCntInfo editorExpand="False">
      <cntAddress addressType="both">
        <delPoint>290 Broadway</delPoint>
        <city>New York</city>
        <adminArea>NY </adminArea>
        <postCode>10007-1866</postCode>
        <eMailAdd>r2gisdata@epa.gov</eMailAdd>
      </cntAddress>
      <cntPhone>
        <voiceNum>(212) 637-3336</voiceNum>
        <faxNum>212-637-3354</faxNum>
      </cntPhone>
      <cntOnlineRes>
        <linkage>http://www.epa.gov/region02/</linkage>
        <protocol>website</protocol>
        <orFunct>
          <OnFunctCd value="002">
          </OnFunctCd>
        </orFunct>
      </cntOnlineRes>
    </rpCntInfo>
    <editorSave>False</editorSave>
  </contact>
  <contact>
    <editorSource>EPA Directory</editorSource>
    <editorDigest>39</editorDigest>
    <rpOrgName>U.S. Environmental Protection Agency, Region 2, GIS Team</rpOrgName>
    <rpIndName>Suk-Yee Tang</rpIndName>
    <rpPosName>GIS Analyst</rpPosName>
    <rpCntInfo editorExpand="False">
      <cntAddress addressType="both">
        <delPoint>290 Broadway</delPoint>
        <city>New York</city>
        <adminArea>NY </adminArea>
        <postCode>10007-1866</postCode>
        <eMailAdd>r2gisdata@epa.gov</eMailAdd>
      </cntAddress>
      <cntPhone>
        <voiceNum>(212) 637-3570</voiceNum>
        <faxNum>(212) 637-5045</faxNum>
      </cntPhone>
      <cntOnlineRes>
        <linkage>http://www.epa.gov/region02/</linkage>
        <protocol>website</protocol>
        <orFunct>
          <OnFunctCd value="002">
          </OnFunctCd>
        </orFunct>
      </cntOnlineRes>
    </rpCntInfo>
    <editorSave>False</editorSave>
  </contact>
  <contact>
    <editorSource>EPA Directory</editorSource>
    <editorDigest>41</editorDigest>
    <rpOrgName>U.S. Environmental Protection Agency, Region 3</rpOrgName>
    <rpIndName>Don Evans</rpIndName>
    <rpPosName>GIS Analyst</rpPosName>
    <rpCntInfo editorExpand="False">
      <cntAddress addressType="both">
        <delPoint>1650 Arch Street</delPoint>
        <city>Philadelphia</city>
        <adminArea>PA </adminArea>
        <postCode>19103-2029</postCode>
        <eMailAdd>evans.don@epa.gov</eMailAdd>
      </cntAddress>
      <cntPhone>
        <voiceNum>(215) 814-5000</voiceNum>
        <faxNum>(215) 814-5103</faxNum>
      </cntPhone>
      <cntOnlineRes>
        <linkage>http://www.epa.gov/region03/</linkage>
        <protocol>website</protocol>
        <orFunct>
          <OnFunctCd value="002">
          </OnFunctCd>
        </orFunct>
      </cntOnlineRes>
    </rpCntInfo>
    <editorSave>False</editorSave>
  </contact>
  <contact>
    <editorSource>EPA Directory</editorSource>
    <editorDigest>42</editorDigest>
    <rpOrgName>U.S. Environmental Protection Agency, Region 3</rpOrgName>
    <rpIndName>John Graves</rpIndName>
    <rpPosName>GIS Analyst</rpPosName>
    <rpCntInfo editorExpand="False">
      <cntAddress addressType="both">
        <delPoint>1650 Arch Street</delPoint>
        <delPoint>Mail Code: 3EA10</delPoint>
        <city>Philadelphia</city>
        <adminArea>PA </adminArea>
        <postCode>19103-2029</postCode>
        <eMailAdd>graves.john@epa.gov</eMailAdd>
      </cntAddress>
      <cntPhone>
        <voiceNum>215-814-5710</voiceNum>
        <faxNum>(215) 814-5103</faxNum>
      </cntPhone>
      <cntOnlineRes>
        <linkage>http://www.epa.gov/region03/</linkage>
        <protocol>website</protocol>
        <orFunct>
          <OnFunctCd value="002">
          </OnFunctCd>
        </orFunct>
      </cntOnlineRes>
    </rpCntInfo>
    <editorSave>False</editorSave>
  </contact>
  <contact>
    <editorSource>EPA Directory</editorSource>
    <editorDigest>43</editorDigest>
    <rpOrgName>U.S. Environmental Protection Agency, Region 3</rpOrgName>
    <rpIndName>Matthew Mellon</rpIndName>
    <rpPosName>GIS Analyst</rpPosName>
    <rpCntInfo editorExpand="False">
      <cntAddress addressType="both">
        <delPoint>1650 Arch Street</delPoint>
        <city>Philadelphia</city>
        <adminArea>PA </adminArea>
        <postCode>19103-2029</postCode>
        <eMailAdd>mellon.matthew@epa.gov</eMailAdd>
      </cntAddress>
      <cntPhone>
        <voiceNum>215.814.3168</voiceNum>
      </cntPhone>
      <cntOnlineRes>
        <linkage>http://www.epa.gov/region03/</linkage>
        <protocol>website</protocol>
        <orFunct>
          <OnFunctCd value="002">
          </OnFunctCd>
        </orFunct>
      </cntOnlineRes>
    </rpCntInfo>
    <editorSave>False</editorSave>
  </contact>
  <contact>
    <editorSource>EPA Directory</editorSource>
    <editorDigest>48</editorDigest>
    <rpOrgName>U.S. Environmental Protection Agency, Region 6</rpOrgName>
    <rpIndName>David Parrish</rpIndName>
    <rpPosName>EDG Project Manager</rpPosName>
    <rpCntInfo editorExpand="False">
      <cntAddress addressType="both">
        <delPoint>1445 Ross Avenue, Suite 1200</delPoint>
        <city>Dallas</city>
        <adminArea>TX </adminArea>
        <postCode>75202-2733</postCode>
        <eMailAdd>parrish.david@epa.gov</eMailAdd>
      </cntAddress>
      <cntPhone>
        <voiceNum>214-665-8352</voiceNum>
        <faxNum>(214) 665-7113</faxNum>
      </cntPhone>
      <cntOnlineRes>
        <linkage>http://www.epa.gov/region06/</linkage>
        <protocol>website</protocol>
        <orFunct>
          <OnFunctCd value="002">
          </OnFunctCd>
        </orFunct>
      </cntOnlineRes>
    </rpCntInfo>
    <editorSave>False</editorSave>
  </contact>
  <contact>
    <editorSource>EPA Directory</editorSource>
    <editorDigest>49</editorDigest>
    <rpOrgName>U.S. Environmental Protection Agency, Region 6</rpOrgName>
    <rpIndName>Jeff Danielson</rpIndName>
    <rpPosName>GIS Analyst</rpPosName>
    <rpCntInfo editorExpand="False">
      <cntAddress addressType="both">
        <delPoint>1445 Ross Avenue, Suite 1200</delPoint>
        <city>Dallas</city>
        <adminArea>TX </adminArea>
        <postCode>75202-2733</postCode>
        <eMailAdd>danielson.jeff@epa.gov</eMailAdd>
      </cntAddress>
      <cntPhone>
        <voiceNum>214-665-8559</voiceNum>
        <faxNum>(214) 665-7113</faxNum>
      </cntPhone>
      <cntOnlineRes>
        <linkage>http://www.epa.gov/region06/</linkage>
        <protocol>website</protocol>
        <orFunct>
          <OnFunctCd value="002">
          </OnFunctCd>
        </orFunct>
      </cntOnlineRes>
    </rpCntInfo>
    <editorSave>False</editorSave>
  </contact>
  <contact>
    <editorSource>EPA Directory</editorSource>
    <editorDigest>50</editorDigest>
    <rpOrgName>U.S. Environmental Protection Agency, Region 6</rpOrgName>
    <rpIndName>Melody Lister</rpIndName>
    <rpPosName>GIS Analyst</rpPosName>
    <rpCntInfo editorExpand="False">
      <cntAddress addressType="both">
        <delPoint>1445 Ross Avenue, Suite 1200</delPoint>
        <city>Dallas</city>
        <adminArea>TX </adminArea>
        <postCode>75202-2733</postCode>
        <eMailAdd>lister.melody@epa.gov</eMailAdd>
      </cntAddress>
      <cntPhone>
        <voiceNum>214.665.8564</voiceNum>
        <faxNum>(214) 665-7113</faxNum>
      </cntPhone>
      <cntOnlineRes>
        <linkage>http://www.epa.gov/region06/</linkage>
        <protocol>website</protocol>
        <orFunct>
          <OnFunctCd value="002">
          </OnFunctCd>
        </orFunct>
      </cntOnlineRes>
    </rpCntInfo>
    <editorSave>False</editorSave>
  </contact>
  <contact>
    <editorSource>EPA Directory</editorSource>
    <editorDigest>51</editorDigest>
    <rpOrgName>U.S. Environmental Protection Agency, Region 7</rpOrgName>
    <rpIndName>Holly Mehl</rpIndName>
    <rpPosName>GIS Analyst</rpPosName>
    <rpCntInfo editorExpand="False">
      <cntAddress addressType="both">
        <delPoint>901 North 5th Street</delPoint>
        <city>Kansas City</city>
        <adminArea>KS </adminArea>
        <postCode>66101</postCode>
        <eMailAdd>mehl.hollis@epa.gov</eMailAdd>
      </cntAddress>
      <cntPhone>
        <voiceNum>(913) 551-7103</voiceNum>
        <faxNum>(913) 551-8688</faxNum>
      </cntPhone>
      <cntOnlineRes>
        <linkage>http://www.epa.gov/region07/</linkage>
        <protocol>website</protocol>
        <orFunct>
          <OnFunctCd value="002">
          </OnFunctCd>
        </orFunct>
      </cntOnlineRes>
    </rpCntInfo>
    <editorSave>False</editorSave>
  </contact>
  <contact>
    <editorSource>EPA Directory</editorSource>
    <editorDigest>52</editorDigest>
    <rpOrgName>U.S. Environmental Protection Agency, Region 8</rpOrgName>
    <rpIndName>Tony Selle</rpIndName>
    <rpPosName>GIS Technical Coordinator</rpPosName>
    <rpCntInfo editorExpand="False">
      <cntAddress addressType="both">
        <delPoint>1595 Wynkoop Street</delPoint>
        <city>Denver</city>
        <adminArea>CO </adminArea>
        <postCode>80202</postCode>
        <eMailAdd>selle.tony@epa.gov</eMailAdd>
      </cntAddress>
      <cntPhone>
        <voiceNum>(303) 312-6774</voiceNum>
        <faxNum>(303) 312-6339</faxNum>
      </cntPhone>
      <cntOnlineRes>
        <linkage>http://www.epa.gov/region08/</linkage>
        <protocol>website</protocol>
        <orFunct>
          <OnFunctCd value="002">
          </OnFunctCd>
        </orFunct>
      </cntOnlineRes>
    </rpCntInfo>
    <editorSave>False</editorSave>
  </contact>
  <contact>
    <editorSource>EPA Directory</editorSource>
    <editorDigest>53</editorDigest>
    <rpOrgName>U.S. Environmental Protection Agency, Region 9</rpOrgName>
    <rpIndName>Cheryl Henley</rpIndName>
    <rpPosName>GIS Coordinator</rpPosName>
    <rpCntInfo editorExpand="False">
      <cntAddress addressType="both">
        <delPoint>75 Hawthorne Street</delPoint>
        <delPoint>MTS-6-1</delPoint>
        <city>San Francisco</city>
        <adminArea>CA</adminArea>
        <postCode>94105</postCode>
        <eMailAdd>henley.cheryl@epa.gov</eMailAdd>
      </cntAddress>
      <cntPhone>
        <voiceNum>415-972-3586</voiceNum>
      </cntPhone>
      <cntOnlineRes>
        <linkage>http://www.epa.gov/region09/</linkage>
        <protocol>website</protocol>
        <orFunct>
          <OnFunctCd value="002">
          </OnFunctCd>
        </orFunct>
      </cntOnlineRes>
    </rpCntInfo>
    <editorSave>False</editorSave>
  </contact>
  <contact>
    <editorSource>EPA Directory</editorSource>
    <editorDigest>54</editorDigest>
    <rpOrgName>U.S. Environmental Protection Agency, Region 10</rpOrgName>
    <rpIndName>Scott Augustine</rpIndName>
    <rpPosName>GIS Technical Coordinator</rpPosName>
    <rpCntInfo editorExpand="False">
      <cntAddress addressType="both">
        <delPoint>1200 Sixth Avenue</delPoint>
        <city>Seattle</city>
        <adminArea>WA </adminArea>
        <postCode>98101</postCode>
        <eMailAdd>augustine.scott@epa.gov</eMailAdd>
      </cntAddress>
      <cntPhone>
        <voiceNum>206.553.1795</voiceNum>
        <faxNum>(206) 553-2955</faxNum>
      </cntPhone>
      <cntOnlineRes>
        <linkage>http://www.epa.gov/region10/</linkage>
        <protocol>website</protocol>
        <orFunct>
          <OnFunctCd value="002">
          </OnFunctCd>
        </orFunct>
      </cntOnlineRes>
    </rpCntInfo>
    <editorSave>False</editorSave>
  </contact>
  <contact>
    <editorSource>EPA Directory</editorSource>
    <editorDigest>55</editorDigest>
    <rpOrgName>U.S. Environmental Protection Agency, Research Triangle Park</rpOrgName>
    <rpIndName>National Geospatial Support Team</rpIndName>
    <rpPosName>OEI RTP NCC GIS</rpPosName>
    <rpCntInfo editorExpand="False">
      <cntAddress addressType="both">
        <delPoint>USEPA Mailroom N127-02</delPoint>
        <city>Research Triangle Park</city>
        <adminArea>NC</adminArea>
        <postCode>27711</postCode>
        <eMailAdd>geoservices@epa.gov</eMailAdd>
      </cntAddress>
      <cntPhone>
        <voiceNum>
        </voiceNum>
      </cntPhone>
      <cntOnlineRes>
        <linkage>http://intranet.epa.gov/rtpgis</linkage>
        <protocol>website</protocol>
        <orFunct>
          <OnFunctCd value="002">
          </OnFunctCd>
        </orFunct>
      </cntOnlineRes>
    </rpCntInfo>
    <editorSave>False</editorSave>
  </contact>
  <contact>
    <editorSource>EPA Directory</editorSource>
    <editorDigest>56</editorDigest>
    <rpOrgName>U.S. Environmental Protection Agency, Office of Environmental Information, Office of Information Collection</rpOrgName>
    <rpIndName>Ana Greene</rpIndName>
    <rpPosName>Environmental Protection Specialist</rpPosName>
    <rpCntInfo editorExpand="False">
      <cntAddress addressType="both">
        <delPoint>1200 Pennsylvania Avenue, N.W.</delPoint>
        <city>Washington</city>
        <adminArea>DC </adminArea>
        <postCode>20460</postCode>
        <eMailAdd>greene.ana@epa.gov</eMailAdd>
      </cntAddress>
      <cntPhone>
        <voiceNum>(202) 566-2132</voiceNum>
        <faxNum>202-566-1684</faxNum>
      </cntPhone>
      <cntOnlineRes>
        <linkage>http://www.epa.gov/</linkage>
        <protocol>website</protocol>
        <orFunct>
          <OnFunctCd value="002">
          </OnFunctCd>
        </orFunct>
      </cntOnlineRes>
    </rpCntInfo>
    <editorSave>False</editorSave>
  </contact>
  <contact>
    <editorSource>EPA Directory</editorSource>
    <editorDigest>58</editorDigest>
    <rpOrgName>U.S. Environmental Protection Agency, Office of Air and Radiation-Office of Air Quality Planning and Standards</rpOrgName>
    <rpIndName>Brian Stitt</rpIndName>
    <rpPosName>EDG Steward</rpPosName>
    <rpCntInfo editorExpand="False">
      <cntAddress addressType="both">
        <delPoint>109 T.W. Alexander Drive</delPoint>
        <city>Research Triangle Park</city>
        <adminArea>NC</adminArea>
        <postCode>27709</postCode>
        <eMailAdd>stitt.brian@epa.gov</eMailAdd>
      </cntAddress>
      <cntPhone>
        <voiceNum>919-541-3757</voiceNum>
      </cntPhone>
      <cntOnlineRes>
        <linkage>http://www.epa.gov/aboutepa/oei.html</linkage>
        <protocol>website</protocol>
        <orFunct>
          <OnFunctCd value="002">
          </OnFunctCd>
        </orFunct>
      </cntOnlineRes>
    </rpCntInfo>
    <editorSave>False</editorSave>
  </contact>
  <contact>
    <editorSource>EPA Directory</editorSource>
    <editorDigest>63</editorDigest>
    <rpOrgName>U.S. Environmental Protection Agency, Office of Environmental Information</rpOrgName>
    <rpIndName>Kim Balassiano</rpIndName>
    <rpPosName>EDG Steward</rpPosName>
    <rpCntInfo editorExpand="False">
      <cntAddress addressType="both">
        <delPoint>1200 Pennsylvania Avenue, N.W.</delPoint>
        <city>Washington</city>
        <adminArea>DC</adminArea>
        <postCode>20460</postCode>
        <eMailAdd>balassiano.kim@epa.gov</eMailAdd>
      </cntAddress>
      <cntPhone>
        <voiceNum>202-579-3540</voiceNum>
      </cntPhone>
      <cntOnlineRes>
        <linkage>http://www.epa.gov/aboutepa/oei.html</linkage>
        <protocol>website</protocol>
        <orFunct>
          <OnFunctCd value="002">
          </OnFunctCd>
        </orFunct>
      </cntOnlineRes>
    </rpCntInfo>
    <editorSave>False</editorSave>
  </contact>
  <contact>
    <editorSource>EPA Directory</editorSource>
    <editorDigest>64</editorDigest>
    <rpOrgName>U.S. Environmental Protection Agency, Office of Environmental Information</rpOrgName>
    <rpIndName>David Smith</rpIndName>
    <rpPosName>EDG Steward</rpPosName>
    <rpCntInfo editorExpand="False">
      <cntAddress addressType="both">
        <delPoint>1200 Pennsylvania Avenue, N.W.</delPoint>
        <city>Washington</city>
        <adminArea>DC</adminArea>
        <postCode>20460</postCode>
        <eMailAdd>smith.davidg@epa.gov</eMailAdd>
      </cntAddress>
      <cntPhone>
        <voiceNum>202-566-0797</voiceNum>
      </cntPhone>
      <cntOnlineRes>
        <linkage>http://www.epa.gov/aboutepa/oei.html</linkage>
        <protocol>website</protocol>
        <orFunct>
          <OnFunctCd value="002">
          </OnFunctCd>
        </orFunct>
      </cntOnlineRes>
    </rpCntInfo>
    <editorSave>False</editorSave>
  </contact>
  <contact>
    <editorSource>EPA Directory</editorSource>
    <editorDigest>66</editorDigest>
    <rpOrgName>U.S. Environmental Protection Agency, Office of Environmental Information</rpOrgName>
    <rpIndName>Lee Kyle</rpIndName>
    <rpPosName>Geospatial Data Owner</rpPosName>
    <rpCntInfo editorExpand="False">
      <cntAddress addressType="both">
        <delPoint>1200 Pennsylvania Avenue, N.W.</delPoint>
        <city>Washington</city>
        <adminArea>DC</adminArea>
        <postCode>20460</postCode>
        <eMailAdd>kyle.lee@epa.gov</eMailAdd>
      </cntAddress>
      <cntPhone>
        <voiceNum>202-564-4622</voiceNum>
      </cntPhone>
      <cntOnlineRes>
        <linkage>http://www.epa.gov/aboutepa/oei.html</linkage>
        <protocol>website</protocol>
        <orFunct>
          <OnFunctCd value="002">
          </OnFunctCd>
        </orFunct>
      </cntOnlineRes>
    </rpCntInfo>
    <editorSave>False</editorSave>
  </contact>
  <contact>
    <editorSource>EPA Directory</editorSource>
    <editorDigest>67</editorDigest>
    <rpOrgName>U.S. Environmental Protection Agency, Office of Environmental Information</rpOrgName>
    <rpIndName>Tim Richards</rpIndName>
    <rpPosName>Geospatial Data Owner</rpPosName>
    <rpCntInfo editorExpand="False">
      <cntAddress addressType="postal">
        <delPoint>109 T.W. Alexander Drive</delPoint>
        <delPoint>N252-01</delPoint>
        <city>Research Triangle Park</city>
        <adminArea>NC</adminArea>
        <postCode>27709</postCode>
        <eMailAdd>richards.tim@epa.gov</eMailAdd>
      </cntAddress>
      <cntPhone>
        <voiceNum>919-541-5307</voiceNum>
      </cntPhone>
      <cntOnlineRes>
        <linkage>http://www.epa.gov/aboutepa/oei.html</linkage>
        <protocol>website</protocol>
        <orFunct>
          <OnFunctCd value="002">
          </OnFunctCd>
        </orFunct>
      </cntOnlineRes>
    </rpCntInfo>
    <editorSave>False</editorSave>
  </contact>
  <contact>
    <editorSource>EPA Directory</editorSource>
    <editorDigest>68</editorDigest>
    <rpOrgName>U.S. Environmental Protection Agency, Office of Research and Development-National Center for Environmental Assessment</rpOrgName>
    <rpIndName>Phillip Morefield</rpIndName>
    <rpPosName>EDG Steward</rpPosName>
    <rpCntInfo editorExpand="False">
      <cntAddress addressType="both">
        <delPoint>1200 Pennsylvania Avenue, N.W.</delPoint>
        <city>Washington</city>
        <adminArea>DC</adminArea>
        <postCode>20460</postCode>
        <eMailAdd>morefield.philip@epa.gov</eMailAdd>
      </cntAddress>
      <cntPhone>
        <voiceNum>(703) 308-8135</voiceNum>
      </cntPhone>
      <cntOnlineRes>
        <linkage>http://www.epa.gov/ord/</linkage>
        <protocol>website</protocol>
        <orFunct>
          <OnFunctCd value="002">
          </OnFunctCd>
        </orFunct>
      </cntOnlineRes>
    </rpCntInfo>
    <editorSave>False</editorSave>
  </contact>
  <contact>
    <editorSource>EPA Directory</editorSource>
    <editorDigest>69</editorDigest>
    <rpOrgName>U.S. Environmental Protection Agency, Office of Research and Development-National Exposure Research Laboratory-Environmental Sciences Division-Regional Environmental Vulnerability Assessment</rpOrgName>
    <rpIndName>Vasu Kilaru</rpIndName>
    <rpPosName>EDG Steward</rpPosName>
    <rpCntInfo editorExpand="False">
      <cntAddress addressType="both">
        <delPoint>109 T.W. Alexander Drive</delPoint>
        <delPoint>Room D476</delPoint>
        <city>Research Triangle Park</city>
        <adminArea>NC</adminArea>
        <postCode>27709</postCode>
        <eMailAdd>kilaru.vasu@epa.gov</eMailAdd>
      </cntAddress>
      <cntPhone>
        <voiceNum>919.541.5332</voiceNum>
      </cntPhone>
      <cntOnlineRes>
        <linkage>http://www.epa.gov/ord/</linkage>
        <protocol>website</protocol>
        <orFunct>
          <OnFunctCd value="002">
          </OnFunctCd>
        </orFunct>
      </cntOnlineRes>
    </rpCntInfo>
    <editorSave>False</editorSave>
  </contact>
  <contact>
    <editorSource>EPA Directory</editorSource>
    <editorDigest>71</editorDigest>
    <rpOrgName>U.S. Environmental Protection Agency, Office of Research and Development-National Health and Environmental Effects Research Laboratory-Western Ecology Division</rpOrgName>
    <rpIndName>Marc Weber</rpIndName>
    <rpPosName>EDG Steward</rpPosName>
    <rpCntInfo editorExpand="False">
      <cntAddress addressType="both">
        <delPoint>200 S.W. 35th Street</delPoint>
        <city>Corvallis</city>
        <adminArea>OR</adminArea>
        <postCode>97333</postCode>
        <eMailAdd>weber.marc@epa.gov</eMailAdd>
      </cntAddress>
      <cntPhone>
        <voiceNum>(541) 754-4469</voiceNum>
      </cntPhone>
      <cntOnlineRes>
        <linkage>http://www.epa.gov/ord/</linkage>
        <protocol>website</protocol>
        <orFunct>
          <OnFunctCd value="002">
          </OnFunctCd>
        </orFunct>
      </cntOnlineRes>
    </rpCntInfo>
    <editorSave>False</editorSave>
  </contact>
  <contact>
    <editorSource>EPA Directory</editorSource>
    <editorDigest>74</editorDigest>
    <rpOrgName>U.S. Environmental Protection Agency, Office of Research and Development-Sustainable and Healthy Communities Research Program, Nation Atlas for Sustainability</rpOrgName>
    <rpIndName>Anne Neale</rpIndName>
    <rpPosName>Geospatial Data Owner</rpPosName>
    <rpCntInfo editorExpand="False">
      <cntAddress addressType="both">
        <delPoint>109 T.W. Alexander Drive</delPoint>
        <delPoint>E243-05</delPoint>
        <city>Research Triangle Park</city>
        <adminArea>NC</adminArea>
        <postCode>27709</postCode>
        <eMailAdd>neale.anne@epa.gov</eMailAdd>
      </cntAddress>
      <cntPhone>
        <voiceNum>(919) 541-3832</voiceNum>
        <faxNum>(919) 541-4329</faxNum>
      </cntPhone>
      <cntOnlineRes>
        <linkage>http://www.epa.gov/ord/</linkage>
        <protocol>website</protocol>
        <orFunct>
          <OnFunctCd value="002">
          </OnFunctCd>
        </orFunct>
      </cntOnlineRes>
    </rpCntInfo>
    <editorSave>False</editorSave>
  </contact>
  <contact>
    <editorSource>EPA Directory</editorSource>
    <editorDigest>79</editorDigest>
    <rpOrgName>U.S. Environmental Protection Agency, Office of Solid Waste and Emergency Response-Office of Emergency Management</rpOrgName>
    <rpIndName>Chris Burgess</rpIndName>
    <rpPosName>EDG Steward</rpPosName>
    <rpCntInfo editorExpand="False">
      <cntAddress addressType="both">
        <delPoint>1200 Pennsylvania Avenue, N.W.</delPoint>
        <city>Washington</city>
        <adminArea>DC</adminArea>
        <postCode>20460</postCode>
        <eMailAdd>burgess.christopher@epa.gov</eMailAdd>
      </cntAddress>
      <cntPhone>
        <voiceNum>202.564.8026</voiceNum>
      </cntPhone>
      <cntOnlineRes>
        <linkage>http://www.epa.gov/aboutepa/oswer.html</linkage>
        <protocol>website</protocol>
        <orFunct>
          <OnFunctCd value="002">
          </OnFunctCd>
        </orFunct>
      </cntOnlineRes>
    </rpCntInfo>
    <editorSave>False</editorSave>
  </contact>
  <contact>
    <editorSource>EPA Directory</editorSource>
    <editorDigest>80</editorDigest>
    <rpOrgName>U.S. Environmental Protection Agency, Office of Solid Waste and Emergency Response-Office of Emergency Management</rpOrgName>
    <rpIndName>Josh Krochmal</rpIndName>
    <rpPosName>EDG Steward</rpPosName>
    <rpCntInfo editorExpand="False">
      <cntAddress addressType="both">
        <delPoint>1200 Pennsylvania Avenue, N.W.</delPoint>
        <city>Washington</city>
        <adminArea>DC</adminArea>
        <postCode>20460</postCode>
      </cntAddress>
      <cntPhone>
        <voiceNum>202.564.8753</voiceNum>
      </cntPhone>
      <cntOnlineRes>
        <linkage>http://www.epa.gov/aboutepa/oswer.html</linkage>
        <protocol>website</protocol>
        <orFunct>
          <OnFunctCd value="002">
          </OnFunctCd>
        </orFunct>
      </cntOnlineRes>
    </rpCntInfo>
    <editorSave>False</editorSave>
  </contact>
  <contact>
    <editorSource>EPA Directory</editorSource>
    <editorDigest>95</editorDigest>
    <rpOrgName>U.S. Environmental Protection Agency, Office of Water</rpOrgName>
    <rpIndName>Craig Malkmes</rpIndName>
    <rpPosName>EDG Steward</rpPosName>
    <rpCntInfo editorExpand="False">
      <cntAddress addressType="both">
        <delPoint>1200 Pennsylvania Avenue, N.W.</delPoint>
        <city>Washington</city>
        <adminArea>DC</adminArea>
        <postCode>20460</postCode>
        <eMailAdd>malkmes.craig@epa.gov</eMailAdd>
      </cntAddress>
      <cntPhone>
        <voiceNum>202-564-0501</voiceNum>
      </cntPhone>
      <cntOnlineRes>
        <linkage>http://www.epa.gov/aboutepa/ow.html</linkage>
        <protocol>website</protocol>
        <orFunct>
          <OnFunctCd value="002">
          </OnFunctCd>
        </orFunct>
      </cntOnlineRes>
    </rpCntInfo>
    <editorSave>False</editorSave>
  </contact>
  <contact>
    <editorSource>EPA Directory</editorSource>
    <editorDigest>97</editorDigest>
    <rpOrgName>U.S. Environmental Protection Agency, Office of Water</rpOrgName>
    <rpIndName>Vince Allen</rpIndName>
    <rpPosName>Geospatial Data Steward</rpPosName>
    <rpCntInfo editorExpand="False">
      <cntAddress addressType="both">
        <delPoint>1200 Pennsylvania Avenue, N.W.</delPoint>
        <delPoint>Mail Code 4101M</delPoint>
        <city>Washington</city>
        <adminArea>DC</adminArea>
        <postCode>20460</postCode>
        <eMailAdd>allen.vince@epa.gov</eMailAdd>
      </cntAddress>
      <cntPhone>
        <voiceNum>202-564-1675</voiceNum>
        <faxNum>202-564-0500</faxNum>
      </cntPhone>
      <cntOnlineRes>
        <linkage>http://www.epa.gov/aboutepa/ow.html</linkage>
        <protocol>website</protocol>
        <orFunct>
          <OnFunctCd value="002">
          </OnFunctCd>
        </orFunct>
      </cntOnlineRes>
    </rpCntInfo>
    <editorSave>False</editorSave>
  </contact>
  <contact>
    <editorSource>EPA Directory</editorSource>
    <editorDigest>98</editorDigest>
    <rpOrgName>U.S. Environmental Protection Agency, Office of Water</rpOrgName>
    <rpIndName>Thomas Dabolt</rpIndName>
    <rpPosName>Geospatial Data Owner</rpPosName>
    <rpCntInfo editorExpand="False">
      <cntAddress addressType="both">
        <delPoint>1200 Pennsylvania Avenue, N.W.</delPoint>
        <city>Washington</city>
        <adminArea>DC</adminArea>
        <postCode>20460</postCode>
        <eMailAdd>dabolt.thomas@epa.gov</eMailAdd>
      </cntAddress>
      <cntPhone>
        <voiceNum>202 564-1450</voiceNum>
      </cntPhone>
      <cntOnlineRes>
        <linkage>http://www.epa.gov/aboutepa/ow.html</linkage>
        <protocol>website</protocol>
        <orFunct>
          <OnFunctCd value="002">
          </OnFunctCd>
        </orFunct>
      </cntOnlineRes>
    </rpCntInfo>
    <editorSave>False</editorSave>
  </contact>
  <contact>
    <editorSource>EPA Directory</editorSource>
    <editorDigest>99</editorDigest>
    <rpOrgName>U.S. Environmental Protection Agency, Region 1</rpOrgName>
    <rpIndName>Alexandra Dichter</rpIndName>
    <rpPosName>GIS Coordinator</rpPosName>
    <rpCntInfo editorExpand="False">
      <cntAddress addressType="both">
        <delPoint>5 Post Office Square, Suite 100</delPoint>
        <city>Boston</city>
        <adminArea>MA</adminArea>
        <postCode>02109</postCode>
        <eMailAdd>dichter.alexandra@epa.gov</eMailAdd>
      </cntAddress>
      <cntPhone>
        <voiceNum>(617) 918-1142</voiceNum>
      </cntPhone>
      <cntOnlineRes>
        <linkage>http://www.epa.gov/region01/</linkage>
        <protocol>website</protocol>
        <orFunct>
          <OnFunctCd value="002">
          </OnFunctCd>
        </orFunct>
      </cntOnlineRes>
    </rpCntInfo>
    <editorSave>False</editorSave>
  </contact>
  <contact>
    <editorSource>EPA Directory</editorSource>
    <editorDigest>100</editorDigest>
    <rpOrgName>U.S. Environmental Protection Agency, Region 1</rpOrgName>
    <rpIndName>Gordon Hamilton</rpIndName>
    <rpPosName>EDG Steward</rpPosName>
    <rpCntInfo editorExpand="False">
      <cntAddress addressType="both">
        <delPoint>5 Post Office Square, Suite 100</delPoint>
        <city>Boston</city>
        <adminArea>MA</adminArea>
        <postCode>02109</postCode>
        <eMailAdd>hamilton.gordon@epa.gov</eMailAdd>
      </cntAddress>
      <cntPhone>
        <voiceNum>617-918-1159</voiceNum>
      </cntPhone>
      <cntOnlineRes>
        <linkage>http://www.epa.gov/region01/</linkage>
        <protocol>website</protocol>
        <orFunct>
          <OnFunctCd value="002">
          </OnFunctCd>
        </orFunct>
      </cntOnlineRes>
    </rpCntInfo>
    <editorSave>False</editorSave>
  </contact>
  <contact>
    <editorSource>EPA Directory</editorSource>
    <editorDigest>101</editorDigest>
    <rpOrgName>U.S. Environmental Protection Agency, Region 1</rpOrgName>
    <rpIndName>Jori Bonner</rpIndName>
    <rpPosName>EDG Steward</rpPosName>
    <rpCntInfo editorExpand="False">
      <cntAddress addressType="both">
        <delPoint>5 Post Office Square, Suite 100</delPoint>
        <city>Boston</city>
        <adminArea>MA</adminArea>
        <postCode>02109</postCode>
        <eMailAdd>bonner.Jori@epa.gov</eMailAdd>
      </cntAddress>
      <cntPhone>
        <voiceNum>617.918.1154</voiceNum>
        <faxNum>617.918.2089</faxNum>
      </cntPhone>
      <cntOnlineRes>
        <linkage>http://www.epa.gov/region01/</linkage>
        <protocol>website</protocol>
        <orFunct>
          <OnFunctCd value="002">
          </OnFunctCd>
        </orFunct>
      </cntOnlineRes>
    </rpCntInfo>
    <editorSave>False</editorSave>
  </contact>
  <contact>
    <editorSource>EPA Directory</editorSource>
    <editorDigest>102</editorDigest>
    <rpOrgName>U.S. Environmental Protection Agency, Region 3-Chesapeake Bay Program</rpOrgName>
    <rpIndName>John Wolf</rpIndName>
    <rpPosName>EDG Steward</rpPosName>
    <rpCntInfo editorExpand="False">
      <cntAddress addressType="both">
        <delPoint>410 Severn Avenue, Suite 112</delPoint>
        <city>Annapolis</city>
        <adminArea>MD</adminArea>
        <postCode>21403</postCode>
        <eMailAdd>jwolf@chesapeakebay.net</eMailAdd>
      </cntAddress>
      <cntPhone>
        <voiceNum>410-267-5739</voiceNum>
        <faxNum>(410) 267-5777</faxNum>
      </cntPhone>
      <cntOnlineRes>
        <linkage>http://www.chesapeakebay.net/</linkage>
        <protocol>website</protocol>
        <orFunct>
          <OnFunctCd value="002">
          </OnFunctCd>
        </orFunct>
      </cntOnlineRes>
    </rpCntInfo>
    <editorSave>False</editorSave>
  </contact>
  <contact>
    <editorSource>EPA Directory</editorSource>
    <editorDigest>103</editorDigest>
    <rpOrgName>U.S. Environmental Protection Agency, Region 3-Chesapeake Bay Program</rpOrgName>
    <rpIndName>Brian Burch</rpIndName>
    <rpPosName>EDG Steward</rpPosName>
    <rpCntInfo editorExpand="False">
      <cntAddress addressType="both">
        <delPoint>410 Severn Avenue, Suite 112</delPoint>
        <city>Annapolis</city>
        <adminArea>MD</adminArea>
        <postCode>21403</postCode>
        <eMailAdd>burch.brian@epa.gov</eMailAdd>
      </cntAddress>
      <cntPhone>
        <voiceNum>410-267-5736</voiceNum>
        <faxNum>(410) 267-5777</faxNum>
      </cntPhone>
      <cntOnlineRes>
        <linkage>http://www.chesapeakebay.net/</linkage>
        <protocol>website</protocol>
        <orFunct>
          <OnFunctCd value="002">
          </OnFunctCd>
        </orFunct>
      </cntOnlineRes>
    </rpCntInfo>
    <editorSave>False</editorSave>
  </contact>
  <contact>
    <editorSource>EPA Directory</editorSource>
    <editorDigest>104</editorDigest>
    <rpOrgName>U.S. Environmental Protection Agency, Region 3-Chesapeake Bay Program</rpOrgName>
    <rpIndName>Howard Weinberg</rpIndName>
    <rpPosName>GIS Analyst</rpPosName>
    <rpCntInfo editorExpand="False">
      <cntAddress addressType="both">
        <delPoint>410 Severn Avenue, Suite 112</delPoint>
        <city>Annapolis</city>
        <adminArea>MD</adminArea>
        <postCode>21403</postCode>
        <eMailAdd>hweinber@chesapeakebay.net</eMailAdd>
      </cntAddress>
      <cntPhone>
        <voiceNum>(410) 267-5735</voiceNum>
        <faxNum>(410) 267-5777</faxNum>
      </cntPhone>
      <cntOnlineRes>
        <linkage>http://www.chesapeakebay.net/</linkage>
        <protocol>website</protocol>
        <orFunct>
          <OnFunctCd value="002">
          </OnFunctCd>
        </orFunct>
      </cntOnlineRes>
    </rpCntInfo>
    <editorSave>False</editorSave>
  </contact>
  <contact>
    <editorSource>EPA Directory</editorSource>
    <editorDigest>105</editorDigest>
    <rpOrgName>U.S. Environmental Protection Agency, Region 5</rpOrgName>
    <rpIndName>Carmen Maso</rpIndName>
    <rpPosName>EDG Steward</rpPosName>
    <rpCntInfo editorExpand="False">
      <cntAddress addressType="both">
        <delPoint>77 West Jackson Boulevard</delPoint>
        <delPoint>Mail Code MI-10J</delPoint>
        <city>Chicago</city>
        <adminArea>IL</adminArea>
        <postCode>60604-3507</postCode>
        <eMailAdd>carmen maso.carmen@epa.gov</eMailAdd>
      </cntAddress>
      <cntPhone>
        <voiceNum>312-886-1070</voiceNum>
        <faxNum>312-692-2040</faxNum>
      </cntPhone>
      <cntOnlineRes>
        <linkage>http://www.epa.gov/region5/</linkage>
        <protocol>website</protocol>
        <orFunct>
          <OnFunctCd value="002">
          </OnFunctCd>
        </orFunct>
      </cntOnlineRes>
    </rpCntInfo>
    <editorSave>False</editorSave>
  </contact>
  <contact>
    <editorSource>EPA Directory</editorSource>
    <editorDigest>106</editorDigest>
    <rpOrgName>U.S. Environmental Protection Agency, Region 5</rpOrgName>
    <rpIndName>Jan Krysa</rpIndName>
    <rpPosName>Geospatial Data Steward</rpPosName>
    <rpCntInfo editorExpand="False">
      <cntAddress addressType="both">
        <delPoint>77 West Jackson Boulevard</delPoint>
        <city>Chicago</city>
        <adminArea>IL</adminArea>
        <postCode>60604</postCode>
        <eMailAdd>krysa.jan@epa.gov</eMailAdd>
      </cntAddress>
      <cntPhone>
        <voiceNum>  (312) 353-7210</voiceNum>
      </cntPhone>
      <cntOnlineRes>
        <linkage>http://www.epa.gov/region5/</linkage>
        <protocol>website</protocol>
        <orFunct>
          <OnFunctCd value="002">
          </OnFunctCd>
        </orFunct>
      </cntOnlineRes>
    </rpCntInfo>
    <editorSave>False</editorSave>
  </contact>
  <contact>
    <editorSource>EPA Directory</editorSource>
    <editorDigest>107</editorDigest>
    <rpOrgName>U.S. Environmental Protection Agency, Region 5</rpOrgName>
    <rpIndName>Paisly Di Bianca</rpIndName>
    <rpPosName>Geospatial Data Steward</rpPosName>
    <rpCntInfo editorExpand="False">
      <cntAddress addressType="both">
        <delPoint>77 West Jackson Boulevard</delPoint>
        <city>Chicago</city>
        <adminArea>IL</adminArea>
        <postCode>60604-3507</postCode>
        <eMailAdd>dibianca.paisly@epa.gov</eMailAdd>
      </cntAddress>
      <cntPhone>
        <voiceNum>312-353-4774</voiceNum>
      </cntPhone>
      <cntOnlineRes>
        <linkage>http://www.epa.gov/region5/</linkage>
        <protocol>website</protocol>
        <orFunct>
          <OnFunctCd value="002">
          </OnFunctCd>
        </orFunct>
      </cntOnlineRes>
    </rpCntInfo>
    <editorSave>False</editorSave>
  </contact>
  <contact>
    <editorSource>EPA Directory</editorSource>
    <editorDigest>108</editorDigest>
    <rpOrgName>U.S. Environmental Protection Agency, Region 7</rpOrgName>
    <rpIndName>Casey McLaughlin</rpIndName>
    <rpPosName>EDG Steward</rpPosName>
    <rpCntInfo editorExpand="False">
      <cntAddress addressType="both">
        <delPoint>901 North 5th Street</delPoint>
        <city>Kansas City</city>
        <adminArea>KS</adminArea>
        <postCode>66101</postCode>
        <eMailAdd>mclaughlin.casey@epa.gov</eMailAdd>
      </cntAddress>
      <cntPhone>
        <voiceNum>913-551-7486</voiceNum>
        <faxNum>913-551-9486</faxNum>
      </cntPhone>
      <cntOnlineRes>
        <linkage>http://www.epa.gov/region07/</linkage>
        <protocol>website</protocol>
        <orFunct>
          <OnFunctCd value="002">
          </OnFunctCd>
        </orFunct>
      </cntOnlineRes>
    </rpCntInfo>
    <editorSave>False</editorSave>
  </contact>
  <contact>
    <editorSource>EPA Directory</editorSource>
    <editorDigest>109</editorDigest>
    <rpOrgName>U.S. Environmental Protection Agency, Region 8</rpOrgName>
    <rpIndName>John Wieber</rpIndName>
    <rpPosName>EDG Steward</rpPosName>
    <rpCntInfo editorExpand="False">
      <cntAddress addressType="both">
        <delPoint>1595 Wynkoop Street</delPoint>
        <city>Denver</city>
        <adminArea>CO</adminArea>
        <postCode>80202</postCode>
        <eMailAdd>wieber.john@epa.gov</eMailAdd>
      </cntAddress>
      <cntPhone>
        <voiceNum>(303) 312-6118</voiceNum>
        <faxNum>(303) 312-7517</faxNum>
      </cntPhone>
      <cntOnlineRes>
        <linkage>http://www.epa.gov/region08/</linkage>
        <protocol>website</protocol>
        <orFunct>
          <OnFunctCd value="002">
          </OnFunctCd>
        </orFunct>
      </cntOnlineRes>
    </rpCntInfo>
    <editorSave>False</editorSave>
  </contact>
  <contact>
    <editorSource>EPA Directory</editorSource>
    <editorDigest>110</editorDigest>
    <rpOrgName>U.S. Environmental Protection Agency, Region 9</rpOrgName>
    <rpIndName>Linda Chambers</rpIndName>
    <rpPosName>GIS Analyst</rpPosName>
    <rpCntInfo editorExpand="False">
      <cntAddress addressType="both">
        <delPoint>75 Hawthorne Street</delPoint>
        <delPoint>MTS-6-1</delPoint>
        <city>San Francisco</city>
        <adminArea>CA</adminArea>
        <postCode>94105</postCode>
        <eMailAdd>chambers.linda@epa.gov</eMailAdd>
      </cntAddress>
      <cntPhone>
        <voiceNum>(415) 947-4578</voiceNum>
      </cntPhone>
      <cntOnlineRes>
        <linkage>http://www.epa.gov/region09/</linkage>
        <protocol>website</protocol>
        <orFunct>
          <OnFunctCd value="002">
          </OnFunctCd>
        </orFunct>
      </cntOnlineRes>
    </rpCntInfo>
    <editorSave>False</editorSave>
  </contact>
  <contact>
    <editorSource>EPA Directory</editorSource>
    <editorDigest>111</editorDigest>
    <rpOrgName>U.S. Environmental Protection Agency, Region 9</rpOrgName>
    <rpIndName>Stacy Takeda</rpIndName>
    <rpPosName>GIS Analyst</rpPosName>
    <rpCntInfo editorExpand="False">
      <cntAddress addressType="both">
        <delPoint>75 Hawthorne Street</delPoint>
        <delPoint>MTS-6-1</delPoint>
        <city>San Francisco</city>
        <adminArea>CA</adminArea>
        <postCode>94105</postCode>
        <eMailAdd>takeda.stacy@epa.gov</eMailAdd>
      </cntAddress>
      <cntPhone>
        <voiceNum>(415) 972-3641</voiceNum>
      </cntPhone>
      <cntOnlineRes>
        <linkage>http://www.epa.gov/region09/</linkage>
        <protocol>website</protocol>
        <orFunct>
          <OnFunctCd value="002">
          </OnFunctCd>
        </orFunct>
      </cntOnlineRes>
    </rpCntInfo>
    <editorSave>False</editorSave>
  </contact>
  <contact>
    <editorSource>EPA Directory</editorSource>
    <editorDigest>112</editorDigest>
    <rpOrgName>U.S. Environmental Protection Agency, Region 9</rpOrgName>
    <rpIndName>Mo Tangestani</rpIndName>
    <rpPosName>GIS Analyst</rpPosName>
    <rpCntInfo editorExpand="False">
      <cntAddress addressType="both">
        <delPoint>75 Hawthorne Street</delPoint>
        <delPoint>MTS-6-1</delPoint>
        <city>San Francisco</city>
        <adminArea>CA</adminArea>
        <postCode>94105</postCode>
        <eMailAdd>tangestani.mo@epa.gov</eMailAdd>
      </cntAddress>
      <cntPhone>
        <voiceNum>415-947-4579</voiceNum>
      </cntPhone>
      <cntOnlineRes>
        <linkage>http://www.epa.gov/region09/</linkage>
        <protocol>website</protocol>
        <orFunct>
          <OnFunctCd value="002">
          </OnFunctCd>
        </orFunct>
      </cntOnlineRes>
    </rpCntInfo>
    <editorSave>False</editorSave>
  </contact>
  <contact>
    <editorSource>EPA Directory</editorSource>
    <editorDigest>113</editorDigest>
    <rpOrgName>U.S. Environmental Protection Agency, Region 9</rpOrgName>
    <rpIndName>Fletcher Clover</rpIndName>
    <rpPosName>GIS Analyst</rpPosName>
    <rpCntInfo editorExpand="False">
      <cntAddress addressType="both">
        <delPoint>75 Hawthorne Street</delPoint>
        <delPoint>AIR-7</delPoint>
        <city>San Francisco</city>
        <adminArea>CA</adminArea>
        <postCode>94105</postCode>
        <eMailAdd>clover.fletcher@epa.gov</eMailAdd>
      </cntAddress>
      <cntPhone>
        <voiceNum>(415) 972-3991</voiceNum>
      </cntPhone>
      <cntOnlineRes>
        <linkage>http://www.epa.gov/region09/</linkage>
        <protocol>website</protocol>
        <orFunct>
          <OnFunctCd value="002">
          </OnFunctCd>
        </orFunct>
      </cntOnlineRes>
    </rpCntInfo>
    <editorSave>False</editorSave>
  </contact>
  <contact>
    <editorSource>EPA Directory</editorSource>
    <editorDigest>114</editorDigest>
    <rpOrgName>U.S. Environmental Protection Agency, Region 9</rpOrgName>
    <rpIndName>Charles Swanson</rpIndName>
    <rpPosName>GIS Analyst</rpPosName>
    <rpCntInfo editorExpand="False">
      <cntAddress addressType="both">
        <delPoint>75 Hawthorne Street</delPoint>
        <delPoint>ENF-4-2</delPoint>
        <city>San Francisco</city>
        <adminArea>CA</adminArea>
        <postCode>94105</postCode>
        <eMailAdd>swanson.charles@epa.gov</eMailAdd>
      </cntAddress>
      <cntPhone>
        <voiceNum>(415) 947-4219</voiceNum>
      </cntPhone>
      <cntOnlineRes>
        <linkage>http://www.epa.gov/region09/</linkage>
        <protocol>website</protocol>
        <orFunct>
          <OnFunctCd value="002">
          </OnFunctCd>
        </orFunct>
      </cntOnlineRes>
    </rpCntInfo>
    <editorSave>False</editorSave>
  </contact>
  <contact>
    <editorSource>EPA Directory</editorSource>
    <editorDigest>115</editorDigest>
    <rpOrgName>U.S. Environmental Protection Agency, Office of Environmental Information</rpOrgName>
    <rpIndName>Dave Catlin</rpIndName>
    <rpPosName>Geospatial Data Owner</rpPosName>
    <rpCntInfo editorExpand="False">
      <cntAddress addressType="both">
        <delPoint>1200 Pennsylvania Avenue, N.W.</delPoint>
        <city>Washington</city>
        <adminArea>DC</adminArea>
        <postCode>20460</postCode>
        <eMailAdd>catlin.dave@epa.gov</eMailAdd>
      </cntAddress>
      <cntPhone>
        <voiceNum>(202) 566-0694</voiceNum>
      </cntPhone>
      <cntOnlineRes>
        <linkage>http://www.epa.gov/aboutepa/oei.html</linkage>
        <protocol>website</protocol>
        <orFunct>
          <OnFunctCd value="002">
          </OnFunctCd>
        </orFunct>
      </cntOnlineRes>
    </rpCntInfo>
    <editorSave>False</editorSave>
  </contact>
</contacts>