<?xml version="1.0" standalone="yes"?>
<emeData>
	<xs:schema id="emeData" xmlns="" xmlns:xs="http://www.w3.org/2001/XMLSchema" xmlns:msdata="urn:schemas-microsoft-com:xml-msdata">
		<xs:element name="SystemOfRecord">
			<xs:complexType>
				<xs:sequence>
					<xs:element name="SysRcrdName">
						<xs:simpleType>
							<xs:restriction base="xs:string">
								<xs:maxLength value="555" />
							</xs:restriction>
						</xs:simpleType>
					</xs:element>
					<xs:element name="SysRcrdUrl">
						<xs:simpleType>
							<xs:restriction base="xs:string">
								<xs:maxLength value="555" />
							</xs:restriction>
						</xs:simpleType>
					</xs:element>					
				</xs:sequence>
			</xs:complexType>
		</xs:element>
		<xs:element name="emeData" msdata:IsDataSet="true" msdata:MainDataTable="SystemOfRecord" msdata:UseCurrentLocale="true" msdata:EnforceConstraints="False">
			<xs:complexType>
				<xs:choice minOccurs="0" maxOccurs="unbounded">
					<xs:element ref="SystemOfRecord" />
				</xs:choice>
			</xs:complexType>
		</xs:element>
	</xs:schema>
	<SystemOfRecord>
		<SysRcrdName> </SysRcrdName>
		<SysRcrdUrl> </SysRcrdUrl>
	</SystemOfRecord>
	<SystemOfRecord>
		<SysRcrdName>EPA-1: PeoplePlus</SysRcrdName>
		<SysRcrdUrl>http://www.epa.gov/privacy/notice/epa-01.htm</SysRcrdUrl>
	</SystemOfRecord>
	<SystemOfRecord>
		<SysRcrdName>EPA-3: Wellness Program Medical Records</SysRcrdName>
		<SysRcrdUrl>http://www.epa.gov/privacy/notice/epa-03.htm</SysRcrdUrl>
	</SystemOfRecord>
	<SystemOfRecord>
		<SysRcrdName>EPA-9: Freedom of Information Act Request and Appeal File</SysRcrdName>
		<SysRcrdUrl>http://www.epa.gov/privacy/notice/epa-09.htm</SysRcrdUrl>
	</SystemOfRecord>
	<SystemOfRecord>
		<SysRcrdName>EPA-17: OCEFT Criminal Investigative Index and Files</SysRcrdName>
		<SysRcrdUrl>http://www.epa.gov/privacy/notice/epa-17.htm</SysRcrdUrl>
	</SystemOfRecord>
	<SystemOfRecord>
		<SysRcrdName>EPA-19: EPA Identification Card Record</SysRcrdName>
		<SysRcrdUrl>http://www.epa.gov/privacy/notice/epa-19.htm</SysRcrdUrl>
	</SystemOfRecord>
	<SystemOfRecord>
		<SysRcrdName>EPA-20: Confidential Business Information Tracking System</SysRcrdName>
		<SysRcrdUrl>http://www.epa.gov/privacy/notice/epa-20.htm</SysRcrdUrl>
	</SystemOfRecord>
	<SystemOfRecord>
		<SysRcrdName>EPA-21: External Compliance Program Discrimination Complaint Files</SysRcrdName>
		<SysRcrdUrl>http://www.epa.gov/privacy/notice/epa-21.htm</SysRcrdUrl>
	</SystemOfRecord>
	<SystemOfRecord>
		<SysRcrdName>EPA-22: Correspondence Management System</SysRcrdName>
		<SysRcrdUrl>http://www.epa.gov/privacy/notice/epa-22.htm</SysRcrdUrl>
	</SystemOfRecord>
	<SystemOfRecord>
		<SysRcrdName>EPA-23: EPA Credential Information Records</SysRcrdName>
		<SysRcrdUrl>http://www.epa.gov/privacy/notice/epa-23.htm</SysRcrdUrl>
	</SystemOfRecord>
	<SystemOfRecord>
		<SysRcrdName>EPA-24: Claims Office Master Files</SysRcrdName>
		<SysRcrdUrl>http://www.epa.gov/privacy/notice/epa-24.htm</SysRcrdUrl>
	</SystemOfRecord>
	<SystemOfRecord>
		<SysRcrdName>EPA 27: Employee Counseling and Assistance Program Records</SysRcrdName>
		<SysRcrdUrl>http://www.epa.gov/privacy/notice/epa-27.htm</SysRcrdUrl>
	</SystemOfRecord>
	<SystemOfRecord>
		<SysRcrdName>EPA-29: EPA Travel, Other Accounts Payable, and Accounts Receivable Files</SysRcrdName>
		<SysRcrdUrl>http://www.epa.gov/privacy/notice/epa-29.htm</SysRcrdUrl>
	</SystemOfRecord>
	<SystemOfRecord>
		<SysRcrdName>EPA-30: Inspector General Enterprise Management system (IGEMS Hotline Module)</SysRcrdName>
		<SysRcrdUrl>http://www.epa.gov/privacy/notice/epa-30.htm</SysRcrdUrl>
	</SystemOfRecord>
	<SystemOfRecord>
		<SysRcrdName>EPA-31: Acquisition Training System</SysRcrdName>
		<SysRcrdUrl>http://www.epa.gov/privacy/notice/epa-31.htm</SysRcrdUrl>
	</SystemOfRecord>
	<SystemOfRecord>
		<SysRcrdName>EPA-32: EPA Telecommunications Detail Records</SysRcrdName>
		<SysRcrdUrl>http://www.epa.gov/privacy/notice/epa-32.htm</SysRcrdUrl>
	</SystemOfRecord>
	<SystemOfRecord>
		<SysRcrdName>EPA-33: Debarment and Suspension Files</SysRcrdName>
		<SysRcrdUrl>http://www.epa.gov/privacy/notice/epa-33.htm</SysRcrdUrl>
	</SystemOfRecord>
	<SystemOfRecord>
		<SysRcrdName>EPA-34: Medical and Research Study Records of Human Volunteers</SysRcrdName>
		<SysRcrdUrl>http://www.epa.gov/privacy/notice/epa-34.htm</SysRcrdUrl>
	</SystemOfRecord>
	<SystemOfRecord>
		<SysRcrdName>EPA-36: Research Grant, Cooperative Agreement, and Fellowship Application Files</SysRcrdName>
		<SysRcrdUrl>http://www.epa.gov/privacy/notice/epa-36.htm</SysRcrdUrl>
	</SystemOfRecord>
	<SystemOfRecord>
		<SysRcrdName>EPA-37: ORD Peer Review Panelist Information System (PRPIS) System</SysRcrdName>
		<SysRcrdUrl>http://www.epa.gov/privacy/notice/epa-37.htm</SysRcrdUrl>
	</SystemOfRecord>
	<SystemOfRecord>
		<SysRcrdName>EPA-38: Invention Reports Submitted to the EPA</SysRcrdName>
		<SysRcrdUrl>http://www.epa.gov/privacy/notice/epa-38.htm</SysRcrdUrl>
	</SystemOfRecord>
	<SystemOfRecord>
		<SysRcrdName>EPA-39: Superfund Cost Recovery Accounting Information System</SysRcrdName>
		<SysRcrdUrl>http://www.epa.gov/privacy/notice/epa-39.htm</SysRcrdUrl>
	</SystemOfRecord>
	<SystemOfRecord>
		<SysRcrdName>EPA-40: Inspector General's Operation and Reporting (IGOR) System Investigative Files</SysRcrdName>
		<SysRcrdUrl>http://www.epa.gov/privacy/notice/epa-40.htm</SysRcrdUrl>
	</SystemOfRecord>
	<SystemOfRecord>
		<SysRcrdName>EPA-41: Office of Administrative Services Information System (OASIS)</SysRcrdName>
		<SysRcrdUrl>http://www.epa.gov/privacy/notice/epa-41.htm</SysRcrdUrl>
	</SystemOfRecord>
	<SystemOfRecord>
		<SysRcrdName>EPA-42: Inspector General Enterprise Management System (IGEMS) Audit, Assignment, and Timesheet Modules</SysRcrdName>
		<SysRcrdUrl>http://www.epa.gov/privacy/notice/epa-42.htm</SysRcrdUrl>
	</SystemOfRecord>
	<SystemOfRecord>
		<SysRcrdName>EPA-43: Time Sharing Services Management System Registration Files</SysRcrdName>
		<SysRcrdUrl>http://www.epa.gov/privacy/notice/epa-43.htm</SysRcrdUrl>
	</SystemOfRecord>
	<SystemOfRecord>
		<SysRcrdName>EPA-44: EPA Personnel Emergency Contact Files</SysRcrdName>
		<SysRcrdUrl>http://www.epa.gov/privacy/notice/epa-44.htm</SysRcrdUrl>
	</SystemOfRecord>
	<SystemOfRecord>
		<SysRcrdName>EPA-47: OCEFT/NETI Training Registration and Administration Records</SysRcrdName>
		<SysRcrdUrl>http://www.epa.gov/privacy/notice/epa-47.htm</SysRcrdUrl>
	</SystemOfRecord>
	<SystemOfRecord>
		<SysRcrdName>EPA-48: Libby Asbestos Exposure Assessment Records</SysRcrdName>
		<SysRcrdUrl>http://www.epa.gov/privacy/notice/epa-48.htm</SysRcrdUrl>
	</SystemOfRecord>
	<SystemOfRecord>
		<SysRcrdName>EPA-49: Child Care Tuition Assistance Program Records</SysRcrdName>
		<SysRcrdUrl>http://www.epa.gov/privacy/notice/epa-49.htm</SysRcrdUrl>
	</SystemOfRecord>
	<SystemOfRecord>
		<SysRcrdName>EPA-50: OIG AutoAudit</SysRcrdName>
		<SysRcrdUrl>http://www.epa.gov/privacy/notice/epa-50.htm</SysRcrdUrl>
	</SystemOfRecord>
	<SystemOfRecord>
		<SysRcrdName>EPA-52: EPA Central Data Exchange - Customer Registration Subsystem (CDX-CRS)</SysRcrdName>
		<SysRcrdUrl>http://www.epa.gov/privacy/notice/epa-52.htm</SysRcrdUrl>
	</SystemOfRecord>
	<SystemOfRecord>
		<SysRcrdName>EPA-53: Integrated Grants Management System (IGMS) - Fellowship Module</SysRcrdName>
		<SysRcrdUrl>http://www.epa.gov/privacy/notice/epa-53.htm</SysRcrdUrl>
	</SystemOfRecord>
	<SystemOfRecord>
		<SysRcrdName>EPA-54: Federal Lead-Based Paint Program System of Records (FLPPSOR)</SysRcrdName>
		<SysRcrdUrl>http://www.epa.gov/privacy/notice/epa-54.htm</SysRcrdUrl>
	</SystemOfRecord>
	<SystemOfRecord>
		<SysRcrdName>EPA-55: Federal Retirement Benefits Calculator</SysRcrdName>
		<SysRcrdUrl>http://www.epa.gov/privacy/notice/epa-55.htm</SysRcrdUrl>
	</SystemOfRecord>
	<SystemOfRecord>
		<SysRcrdName>EPA-56: EZHIRE</SysRcrdName>
		<SysRcrdUrl>http://www.epa.gov/privacy/notice/epa-56.htm</SysRcrdUrl>
	</SystemOfRecord>
	<SystemOfRecord>
		<SysRcrdName>EPA-58: EPA Science Advisory Board (SAB) Database for Scientific and Technical Experts</SysRcrdName>
		<SysRcrdUrl>http://www.epa.gov/privacy/notice/epa-58.htm</SysRcrdUrl>
	</SystemOfRecord>
	<SystemOfRecord>
		<SysRcrdName>EPA-59: Restricted Use Pesticides</SysRcrdName>
		<SysRcrdUrl>http://www.epa.gov/privacy/notice/epa-59.htm</SysRcrdUrl>
	</SystemOfRecord>
	<SystemOfRecord>
		<SysRcrdName>EPA-60: EPA's Light Duty In-Use Testing Program</SysRcrdName>
		<SysRcrdUrl>http://www.epa.gov/privacy/notice/epa-60.htm</SysRcrdUrl>
	</SystemOfRecord>
	<SystemOfRecord>
		<SysRcrdName>EPA-61: Telework</SysRcrdName>
		<SysRcrdUrl>http://www.epa.gov/privacy/notice/epa-61.htm</SysRcrdUrl>
	</SystemOfRecord>
	<SystemOfRecord>
		<SysRcrdName>EPA-64: My Workplace</SysRcrdName>
		<SysRcrdUrl>http://www.epa.gov/privacy/notice/epa-64.htm</SysRcrdUrl>
	</SystemOfRecord>
	<SystemOfRecord>
		<SysRcrdName>EPA-65: Engine and Vehicle Exemption System (EV-ES)</SysRcrdName>
		<SysRcrdUrl>http://www.epa.gov/privacy/notice/epa-65.htm</SysRcrdUrl>
	</SystemOfRecord>
	<SystemOfRecord>
		<SysRcrdName>EPA/GOVT-1: Emissions Inspection and Maintenance Records for Federal Employees Parking at Federal Parking Facilities</SysRcrdName>
		<SysRcrdUrl>http://www.epa.gov/privacy/notice/epa-govt-1.htm</SysRcrdUrl>
	</SystemOfRecord>
	<SystemOfRecord>
		<SysRcrdName>EPA/GOVT-2: Federal Docket Management System (FDMS)</SysRcrdName>
		<SysRcrdUrl>http://www.epa.gov/privacy/notice/epa-govt-2.htm</SysRcrdUrl>
	</SystemOfRecord>
</emeData>