<?xml version="1.0" standalone="yes"?>
<emeData>
	<xs:schema id="emeData" xmlns="" xmlns:xs="http://www.w3.org/2001/XMLSchema" xmlns:msdata="urn:schemas-microsoft-com:xml-msdata">
		<xs:element name="ProgramCode">
			<xs:complexType>
				<xs:sequence>
					<xs:element name="programName">
						<xs:simpleType>
							<xs:restriction base="xs:string">
								<xs:maxLength value="555" />
							</xs:restriction>
						</xs:simpleType>
					</xs:element>
					<xs:element name="pCode">
						<xs:simpleType>
							<xs:restriction base="xs:string">
								<xs:maxLength value="255" />
							</xs:restriction>
						</xs:simpleType>
					</xs:element>
					<xs:element name="default" default="false">
						<xs:simpleType>
							<xs:restriction base="xs:boolean" />
						</xs:simpleType>
					</xs:element>
				</xs:sequence>
			</xs:complexType>
		</xs:element>
		<xs:element name="emeData" msdata:IsDataSet="true" msdata:MainDataTable="ProgramCode" msdata:UseCurrentLocale="true" msdata:EnforceConstraints="False">
			<xs:complexType>
				<xs:choice minOccurs="0" maxOccurs="unbounded">
					<xs:element ref="ProgramCode" />
				</xs:choice>
			</xs:complexType>
		</xs:element>
	</xs:schema>
	<ProgramCode>
		<programName> </programName>
		<pCode> </pCode>
		<default>false</default>
	</ProgramCode>	
	<ProgramCode>
		<programName>Acquisition Management (Environmental Programs and Management, Superfund, Leaking Underground Storage Tanks)</programName>
		<pCode>020:001</pCode>
		<default>false</default>
	</ProgramCode>
	<ProgramCode>
		<programName>Administrative Law (Environmental Programs and Management)</programName>
		<pCode>020:002</pCode>
		<default>false</default>
	</ProgramCode>
	<ProgramCode>
		<programName>Alternative Dispute Resolution (Environmental Programs and Management, Superfund)</programName>
		<pCode>020:003</pCode>
		<default>false</default>
	</ProgramCode>
	<ProgramCode>
		<programName>Audits, Evaluations, and Investigations (Inspector General, Superfund)</programName>
		<pCode>020:004</pCode>
		<default>false</default>
	</ProgramCode>
	<ProgramCode>
		<programName>Beach / Fish Programs (Environmental Programs and Management)</programName>
		<pCode>020:005</pCode>
		<default>false</default>
	</ProgramCode>
	<ProgramCode>
		<programName>Brownfields (Environmental Programs and Management)</programName>
		<pCode>020:006</pCode>
		<default>false</default>
	</ProgramCode>
	<ProgramCode>
		<programName>Brownfields Projects (State and Tribal Assistance Grants)</programName>
		<pCode>020:007</pCode>
		<default>false</default>
	</ProgramCode>
	<ProgramCode>
		<programName>Categorical Grant: Beaches Protection (State and Tribal Assistance Grants)</programName>
		<pCode>020:008</pCode>
		<default>false</default>
	</ProgramCode>
	<ProgramCode>
		<programName>Categorical Grant: Brownfields (State and Tribal Assistance Grants)</programName>
		<pCode>020:009</pCode>
		<default>false</default>
	</ProgramCode>
	<ProgramCode>
		<programName>Categorical Grant: Environmental Information (State and Tribal Assistance Grants)</programName>
		<pCode>020:010</pCode>
		<default>false</default>
	</ProgramCode>
	<ProgramCode>
		<programName>Categorical Grant: Evaluation Grants</programName>
		<pCode>020:011</pCode>
		<default>false</default>
	</ProgramCode>
	<ProgramCode>
		<programName>Categorical Grant: Hazardous Waste Financial Assistance (State and Tribal Assistance Grants)</programName>
		<pCode>020:012</pCode>
		<default>false</default>
	</ProgramCode>
	<ProgramCode>
		<programName>Categorical Grant: Lead (State and Tribal Assistance Grants)</programName>
		<pCode>020:013</pCode>
		<default>false</default>
	</ProgramCode>
	<ProgramCode>
		<programName>Categorical Grant: Nonpoint Source (Sec. 319) (State and Tribal Assistance Grants)</programName>
		<pCode>020:014</pCode>
		<default>false</default>
	</ProgramCode>
	<ProgramCode>
		<programName>Categorical Grant: Pesticides Enforcement (State and Tribal Assistance Grants)</programName>
		<pCode>020:015</pCode>
		<default>false</default>
	</ProgramCode>
	<ProgramCode>
		<programName>Categorical Grant: Pesticides Program Implementation (State and Tribal Assistance Grants)</programName>
		<pCode>020:016</pCode>
		<default>false</default>
	</ProgramCode>
	<ProgramCode>
		<programName>Categorical Grant: Pollution Control (Sec. 106) (State and Tribal Assistance Grants)</programName>
		<pCode>020:017</pCode>
		<default>false</default>
	</ProgramCode>
	<ProgramCode>
		<programName>Categorical Grant: Pollution Prevention (State and Tribal Assistance Grants)</programName>
		<pCode>020:018</pCode>
		<default>false</default>
	</ProgramCode>
	<ProgramCode>
		<programName>Categorical Grant: Public Water System Supervision (PWSS) (State and Tribal Assistance Grants)</programName>
		<pCode>020:019</pCode>
		<default>false</default>
	</ProgramCode>
	<ProgramCode>
		<programName>Categorical Grant: Radon (State and Tribal Assistance Grants)</programName>
		<pCode>020:020</pCode>
		<default>false</default>
	</ProgramCode>
	<ProgramCode>
		<programName>Categorical Grant: State and Local Air Quality Management (State and Tribal Assistance Grants)</programName>
		<pCode>020:021</pCode>
		<default>false</default>
	</ProgramCode>
	<ProgramCode>
		<programName>Categorical Grant: Toxics Substances Compliance (State and Tribal Assistance Grants)</programName>
		<pCode>020:022</pCode>
		<default>false</default>
	</ProgramCode>
	<ProgramCode>
		<programName>Categorical Grant: Tribal Air Quality Management (State and Tribal Assistance Grants)</programName>
		<pCode>020:023</pCode>
		<default>false</default>
	</ProgramCode>
	<ProgramCode>
		<programName>Categorical Grant: Tribal General Assistance Program (State and Tribal Assistance Grants)</programName>
		<pCode>020:024</pCode>
		<default>false</default>
	</ProgramCode>
	<ProgramCode>
		<programName>Categorical Grant: Underground Injection Control (UIC) (State and Tribal Assistance Grants)</programName>
		<pCode>020:025</pCode>
		<default>false</default>
	</ProgramCode>
	<ProgramCode>
		<programName>Categorical Grant: Underground Storage Tanks (State and Tribal Assistance Grants)</programName>
		<pCode>020:026</pCode>
		<default>false</default>
	</ProgramCode>
	<ProgramCode>
		<programName>Categorical Grant: Wetlands Program Development (State and Tribal Assistance Grants)</programName>
		<pCode>020:027</pCode>
		<default>false</default>
	</ProgramCode>
	<ProgramCode>
		<programName>Central Planning, Budgeting, and Finance (Environmental Programs and Management, Superfund, Leaking Underground Storage Tanks)</programName>
		<pCode>020:028</pCode>
		<default>false</default>
	</ProgramCode>
	<ProgramCode>
		<programName>Children and Other Sensitive Populations: Agency Coordination (Environmental Programs and Management)</programName>
		<pCode>020:029</pCode>
		<default>false</default>
	</ProgramCode>
	<ProgramCode>
		<programName>Civil Enforcement (Environmental Programs and Management, Leaking Underground Storage Tanks, Oil Spill Response)</programName>
		<pCode>020:030</pCode>
		<default>false</default>
	</ProgramCode>
	<ProgramCode>
		<programName>Civil Rights / Title VI Compliance (Environmental Programs and Management)</programName>
		<pCode>020:031</pCode>
		<default>false</default>
	</ProgramCode>
	<ProgramCode>
		<programName>Clean Air Allowance Trading Programs (Science and Technology, Environmental Programs and Management)</programName>
		<pCode>020:032</pCode>
		<default>false</default>
	</ProgramCode>
	<ProgramCode>
		<programName>Climate Protection Program (Science and Technology, Environmental Programs and Management)</programName>
		<pCode>020:033</pCode>
		<default>false</default>
	</ProgramCode>
	<ProgramCode>
		<programName>Compliance Monitoring (Environmental Programs and Management, Superfund, Oil Spill Response)</programName>
		<pCode>020:034</pCode>
		<default>false</default>
	</ProgramCode>
	<ProgramCode>
		<programName>Congressional, Intergovernmental, External Relations (Environmental Programs and Management)</programName>
		<pCode>020:035</pCode>
		<default>false</default>
	</ProgramCode>
	<ProgramCode>
		<programName>Criminal Enforcement (Environmental Programs and Management, Superfund)</programName>
		<pCode>020:036</pCode>
		<default>false</default>
	</ProgramCode>
	<ProgramCode>
		<programName>Diesel Emissions Reduction Grant Program (State and Tribal Assistance Grants)</programName>
		<pCode>020:037</pCode>
		<default>false</default>
	</ProgramCode>
	<ProgramCode>
		<programName>Drinking Water Programs (Science and Technology, Environmental Programs and Management)</programName>
		<pCode>020:038</pCode>
		<default>false</default>
	</ProgramCode>
	<ProgramCode>
		<programName>Endocrine Disruptors (Environmental Programs and Management)</programName>
		<pCode>020:039</pCode>
		<default>false</default>
	</ProgramCode>
	<ProgramCode>
		<programName>Environmental Education (Environmental Programs and Management)</programName>
		<pCode>020:040</pCode>
		<default>false</default>
	</ProgramCode>
	<ProgramCode>
		<programName>Environmental Justice (Environmental Programs and Management, Superfund)</programName>
		<pCode>020:041</pCode>
		<default>false</default>
	</ProgramCode>
	<ProgramCode>
		<programName>Exchange Network (Environmental Programs and Management, Superfund)</programName>
		<pCode>020:042</pCode>
		<default>false</default>
	</ProgramCode>
	<ProgramCode>
		<programName>Facilities Infrastructure and Operations (Science and Technology, Environmental Programs and Management, Buildings and Facilities, Superfund, Leaking Underground Storage Tanks, Oil Spill Response)</programName>
		<pCode>020:043</pCode>
		<default>false</default>
	</ProgramCode>
	<ProgramCode>
		<programName>Federal Stationary Source Regulations (Environmental Programs and Management)</programName>
		<pCode>020:044</pCode>
		<default>false</default>
	</ProgramCode>
	<ProgramCode>
		<programName>Federal Support for Air Quality Management (Science and Technology, Environmental Programs and Management)</programName>
		<pCode>020:045</pCode>
		<default>false</default>
	</ProgramCode>
	<ProgramCode>
		<programName>Federal Vehicle and Fuels Standards and Certification (Science and Technology</programName>
		<pCode>020:046</pCode>
		<default>false</default>
	</ProgramCode>
	<ProgramCode>
		<programName>Financial Assistance Grants / IAG Management (Environmental Programs and Management, Superfund)</programName>
		<pCode>020:047</pCode>
		<default>false</default>
	</ProgramCode>
	<ProgramCode>
		<programName>Forensics Support (Science and Technology, Superfund)</programName>
		<pCode>020:048</pCode>
		<default>false</default>
	</ProgramCode>
	<ProgramCode>
		<programName>Geographic Program: Chesapeake Bay (Environmental Programs and Management)</programName>
		<pCode>020:049</pCode>
		<default>false</default>
	</ProgramCode>
	<ProgramCode>
		<programName>Geographic Program: Gulf of Mexico (Environmental Programs and Management)</programName>
		<pCode>020:050</pCode>
		<default>false</default>
	</ProgramCode>
	<ProgramCode>
		<programName>Geographic Program: Lake Champlain (Environmental Programs and Management)</programName>
		<pCode>020:051</pCode>
		<default>false</default>
	</ProgramCode>
	<ProgramCode>
		<programName>Geographic Program: Long Island Sound (Environmental Programs and Management)</programName>
		<pCode>020:052</pCode>
		<default>false</default>
	</ProgramCode>
	<ProgramCode>
		<programName>Geographic Program: Other (Environmental Programs and Management)</programName>
		<pCode>020:053</pCode>
		<default>false</default>
	</ProgramCode>
	<ProgramCode>
		<programName>Geographic Program: Puget Sound (Environmental Programs and Management)</programName>
		<pCode>020:054</pCode>
		<default>false</default>
	</ProgramCode>
	<ProgramCode>
		<programName>Geographic Program: San Francisco Bay (Environmental Programs and Management)</programName>
		<pCode>020:055</pCode>
		<default>false</default>
	</ProgramCode>
	<ProgramCode>
		<programName>Geographic Program: South Florida (Environmental Programs and Management)</programName>
		<pCode>020:056</pCode>
		<default>false</default>
	</ProgramCode>
	<ProgramCode>
		<programName>Great Lakes Restoration (Environmental Programs and Management)</programName>
		<pCode>020:057</pCode>
		<default>false</default>
	</ProgramCode>
	<ProgramCode>
		<programName>Homeland Security: Communication and Information (Environmental Programs and Management)</programName>
		<pCode>020:058</pCode>
		<default>false</default>
	</ProgramCode>
	<ProgramCode>
		<programName>Homeland Security: Critical Infrastructure Protection (Science and Technology, Environmental Programs and Management)</programName>
		<pCode>020:059</pCode>
		<default>false</default>
	</ProgramCode>
	<ProgramCode>
		<programName>Homeland Security: Preparedness, Response, and Recovery (Science and Technology, Environmental Programs and Management, Superfund)</programName>
		<pCode>020:060</pCode>
		<default>false</default>
	</ProgramCode>
	<ProgramCode>
		<programName>Homeland Security: Protection of EPA Personnel and Infrastructure (Science and Technology, Environmental Programs and Management, Buildings and Facilities, Superfund)</programName>
		<pCode>020:061</pCode>
		<default>false</default>
	</ProgramCode>
	<ProgramCode>
		<programName>Human Health Risk Assessment (Science and Technology, Superfund)</programName>
		<pCode>020:062</pCode>
		<default>false</default>
	</ProgramCode>
	<ProgramCode>
		<programName>Human Resources Management (Environmental Programs and Management, Superfund)</programName>
		<pCode>020:063</pCode>
		<default>false</default>
	</ProgramCode>
	<ProgramCode>
		<programName>Indoor Air: Radon Program (Science and Technology, Environmental Programs and Management)</programName>
		<pCode>020:064</pCode>
		<default>false</default>
	</ProgramCode>
	<ProgramCode>
		<programName>Information Security (Environmental Programs and Management, Superfund)</programName>
		<pCode>020:065</pCode>
		<default>false</default>
	</ProgramCode>
	<ProgramCode>
		<programName>Infrastructure Assistance: Alaska Native Villages (State and Tribal Assistance Grants)</programName>
		<pCode>020:066</pCode>
		<default>false</default>
	</ProgramCode>
	<ProgramCode>
		<programName>Infrastructure Assistance: Clean Water SRF (State and Tribal Assistance Grants)</programName>
		<pCode>020:067</pCode>
		<default>false</default>
	</ProgramCode>
	<ProgramCode>
		<programName>Infrastructure Assistance: Drinking Water SRF (State and Tribal Assistance Grants)</programName>
		<pCode>020:068</pCode>
		<default>false</default>
	</ProgramCode>
	<ProgramCode>
		<programName>Infrastructure Assistance: Mexico Border (State and Tribal Assistance Grants)</programName>
		<pCode>020:069</pCode>
		<default>false</default>
	</ProgramCode>
	<ProgramCode>
		<programName>Integrated Environmental Strategies (Environmental Programs and Management)</programName>
		<pCode>020:070</pCode>
		<default>false</default>
	</ProgramCode>
	<ProgramCode>
		<programName>International Sources of Pollution (Environmental Programs and Management)</programName>
		<pCode>020:071</pCode>
		<default>false</default>
	</ProgramCode>
	<ProgramCode>
		<programName>IT / Data Management (Science and Technology, Environmental Programs and Management, Superfund, Leaking Underground Storage Tanks)</programName>
		<pCode>020:072</pCode>
		<default>false</default>
	</ProgramCode>
	<ProgramCode>
		<programName>Legal Advice: Environmental Program (Environmental Programs and Management, Superfund)</programName>
		<pCode>020:073</pCode>
		<default>false</default>
	</ProgramCode>
	<ProgramCode>
		<programName>Legal Advice: Support Program (Environmental Programs and Management)</programName>
		<pCode>020:074</pCode>
		<default>false</default>
	</ProgramCode>
	<ProgramCode>
		<programName>Leaking Underground Storage Tanks / UST (Environmental Programs and Management, Superfund)</programName>
		<pCode>020:075</pCode>
		<default>false</default>
	</ProgramCode>
	<ProgramCode>
		<programName>Leaking Underground Storage Tanks Cooperative Agreements (Leaking Underground Storage Tanks)</programName>
		<pCode>020:076</pCode>
		<default>false</default>
	</ProgramCode>
	<ProgramCode>
		<programName>Leaking Underground Storage Tanks Prevention (Leaking Underground Storage Tanks)</programName>
		<pCode>020:077</pCode>
		<default>false</default>
	</ProgramCode>
	<ProgramCode>
		<programName>Marine Pollution (Environmental Programs and Management)</programName>
		<pCode>020:078</pCode>
		<default>false</default>
	</ProgramCode>
	<ProgramCode>
		<programName>National Estuary Program / Coastal Waterways (Environmental Programs and Management)</programName>
		<pCode>020:079</pCode>
		<default>false</default>
	</ProgramCode>
	<ProgramCode>
		<programName>National Environmental Policy Act Implementation (Environmental Programs and Management)</programName>
		<pCode>020:080</pCode>
		<default>false</default>
	</ProgramCode>
	<ProgramCode>
		<programName>Oil Spill Response Spill: Prevention, Preparedness and Response (Oil Spill Response)</programName>
		<pCode>020:081</pCode>
		<default>false</default>
	</ProgramCode>
	<ProgramCode>
		<programName>Pesticides: Protect Human Health from Pesticide Risk (Science and Technology, Environmental Programs and Management)</programName>
		<pCode>020:082</pCode>
		<default>false</default>
	</ProgramCode>
	<ProgramCode>
		<programName>Pesticides: Protect the Environment from Pesticide Risk (Science and Technology, Environmental Programs and Management)</programName>
		<pCode>020:083</pCode>
		<default>false</default>
	</ProgramCode>
	<ProgramCode>
		<programName>Pesticides: Realize the Value of Pesticide Availability (Science and Technology, Environmental Programs and Management)</programName>
		<pCode>020:084</pCode>
		<default>false</default>
	</ProgramCode>
	<ProgramCode>
		<programName>Pollution Prevention Program (Environmental Programs and Management)</programName>
		<pCode>020:085</pCode>
		<default>false</default>
	</ProgramCode>
	<ProgramCode>
		<programName>Radiation: Protection (Environmental Programs and Management, Science and Technology, Superfund)</programName>
		<pCode>020:086</pCode>
		<default>false</default>
	</ProgramCode>
	<ProgramCode>
		<programName>Radiation: Response Preparedness (Science and Technology, Environmental Programs and Management)</programName>
		<pCode>020:087</pCode>
		<default>false</default>
	</ProgramCode>
	<ProgramCode>
		<programName>RCRA: Corrective Action (Environmental Programs and Management, Oil Spill Response)</programName>
		<pCode>020:088</pCode>
		<default>false</default>
	</ProgramCode>
	<ProgramCode>
		<programName>RCRA: Waste Management (Environmental Programs and Management, E-Manifest)</programName>
		<pCode>020:089</pCode>
		<default>false</default>
	</ProgramCode>
	<ProgramCode>
		<programName>RCRA: Waste Minimization and Recycling (Environmental Programs and Management, E-Manifest)</programName>
		<pCode>020:090</pCode>
		<default>false</default>
	</ProgramCode>
	<ProgramCode>
		<programName>Reduce Risks from Indoor Air (Science and Technology, Environmental Programs and Management)</programName>
		<pCode>020:091</pCode>
		<default>false</default>
	</ProgramCode>
	<ProgramCode>
		<programName>Regional Science and Technology (Environmental Programs and Management)</programName>
		<pCode>020:092</pCode>
		<default>false</default>
	</ProgramCode>
	<ProgramCode>
		<programName>Regulatory/Economic-Management and Analysis (Environmental Programs and Management)</programName>
		<pCode>020:093</pCode>
		<default>false</default>
	</ProgramCode>
	<ProgramCode>
		<programName>Research: Air, Climate and Energy (Science and Technology)</programName>
		<pCode>020:094</pCode>
		<default>false</default>
	</ProgramCode>
	<ProgramCode>
		<programName>Research: Chemical Safety and Sustainability (Science and Technology)</programName>
		<pCode>020:095</pCode>
		<default>false</default>
	</ProgramCode>
	<ProgramCode>
		<programName>Research: Safe and Sustainable Water Resources (Science and Technology)</programName>
		<pCode>020:096</pCode>
		<default>false</default>
	</ProgramCode>
	<ProgramCode>
		<programName>Research: Sustainable and Healthy Communities (Science and Technology, Superfund, Leaking Underground Storage Tanks, Oil Spill Response)</programName>
		<pCode>020:097</pCode>
		<default>false</default>
	</ProgramCode>
	<ProgramCode>
		<programName>Science Advisory Board (Environmental Programs and Management)</programName>
		<pCode>020:098</pCode>
		<default>false</default>
	</ProgramCode>
	<ProgramCode>
		<programName>Science Policy and Biotechnology (Environmental Programs and Management)</programName>
		<pCode>020:099</pCode>
		<default>false</default>
	</ProgramCode>
	<ProgramCode>
		<programName>Small Business Ombudsman (Environmental Programs and Management)</programName>
		<pCode>020:100</pCode>
		<default>false</default>
	</ProgramCode>
	<ProgramCode>
		<programName>Small Minority Business Assistance (Environmental Programs and Management)</programName>
		<pCode>020:101</pCode>
		<default>false</default>
	</ProgramCode>
	<ProgramCode>
		<programName>State and Local Prevention and Preparedness (Environmental Programs and Management)</programName>
		<pCode>020:102</pCode>
		<default>false</default>
	</ProgramCode>
	<ProgramCode>
		<programName>Stratospheric Ozone: Domestic Programs (Environmental Programs and Management)</programName>
		<pCode>020:103</pCode>
		<default>false</default>
	</ProgramCode>
	<ProgramCode>
		<programName>Stratospheric Ozone: Multilateral Fund (Environmental Programs and Management)</programName>
		<pCode>020:104</pCode>
		<default>false</default>
	</ProgramCode>
	<ProgramCode>
		<programName>Superfund: Emergency Response and Removal (Environmental Programs and Management, Superfund, Oil Spill Respond</programName>
		<pCode>020:105</pCode>
		<default>false</default>
	</ProgramCode>
	<ProgramCode>
		<programName>Superfund: Enforcement (Superfund)</programName>
		<pCode>020:106</pCode>
		<default>false</default>
	</ProgramCode>
	<ProgramCode>
		<programName>Superfund: EPA Emergency Preparedness (Superfund)</programName>
		<pCode>020:107</pCode>
		<default>false</default>
	</ProgramCode>
	<ProgramCode>
		<programName>Superfund: Federal Facilities (Environmental Programs and Management, Superfund, Oil Spill Response)</programName>
		<pCode>020:108</pCode>
		<default>false</default>
	</ProgramCode>
	<ProgramCode>
		<programName>Superfund: Remedial (Superfund)</programName>
		<pCode>020:109</pCode>
		<default>false</default>
	</ProgramCode>
	<ProgramCode>
		<programName>Superfund: Support to Other Federal Agencies (Superfund)</programName>
		<pCode>020:110</pCode>
		<default>false</default>
	</ProgramCode>
	<ProgramCode>
		<programName>Superfund: Federal Facilities Enforcement (Superfund</programName>
		<pCode>020:111</pCode>
		<default>false</default>
	</ProgramCode>
	<ProgramCode>
		<programName>Surface Water Protection (Environmental Programs and Management)</programName>
		<pCode>020:112</pCode>
		<default>false</default>
	</ProgramCode>
	<ProgramCode>
		<programName>Toxic Substances: Chemical Risk Management (Environmental Programs and Management)</programName>
		<pCode>020:113</pCode>
		<default>false</default>
	</ProgramCode>
	<ProgramCode>
		<programName>Toxic Substances: Chemical Risk Review and Reduction (Environmental Programs and Management)</programName>
		<pCode>020:114</pCode>
		<default>false</default>
	</ProgramCode>
	<ProgramCode>
		<programName>Toxic Substances: Lead Risk Reducation Program (Environmental Programs and Management)</programName>
		<pCode>020:115</pCode>
		<default>false</default>
	</ProgramCode>
	<ProgramCode>
		<programName>Trade and Governance (Environmental Programs and Management)</programName>
		<pCode>020:116</pCode>
		<default>false</default>
	</ProgramCode>
	<ProgramCode>
		<programName>TRI / Right to Know (Environmental Programs and Management)</programName>
		<pCode>020:117</pCode>
		<default>false</default>
	</ProgramCode>
	<ProgramCode>
		<programName>Tribal - Capacity Building (Environmental Programs and Management)</programName>
		<pCode>020:118</pCode>
		<default>false</default>
	</ProgramCode>
	<ProgramCode>
		<programName>US Mexico Border (Environmental Programs and Management)</programName>
		<pCode>020:119</pCode>
		<default>false</default>
	</ProgramCode>
	<ProgramCode>
		<programName>Water Quality Research and Support Grants (Science and Technology, Environmental Programs and Management)</programName>
		<pCode>020:120</pCode>
		<default>false</default>
	</ProgramCode>
	<ProgramCode>
		<programName>Wetlands (Environmental Programs and Management)</programName>
		<pCode>020:121</pCode>
		<default>false</default>
	</ProgramCode>
</emeData>