<?xml version="1.0" encoding="UTF-8"?>
<gmi:MI_Metadata xmlns:xsi="http://www.w3.org/2001/XMLSchema-instance" xmlns:gco="http://www.isotc211.org/2005/gco" xmlns:gmd="http://www.isotc211.org/2005/gmd" xmlns:xlink="http://www.w3.org/1999/xlink" xmlns:srv="http://www.isotc211.org/2005/srv" xmlns:gml="http://www.opengis.net/gml/3.2" xmlns:gsr="http://www.isotc211.org/2005/gsr" xmlns:gss="http://www.isotc211.org/2005/gss" xmlns:gts="http://www.isotc211.org/2005/gts" xmlns:gmi="http://www.isotc211.org/2005/gmi" xmlns:gmx="http://www.isotc211.org/2005/gmx" xsi:schemaLocation="http://www.isotc211.org/2005/gmi http://www.ngdc.noaa.gov/metadata/published/xsd/schema.xsd">
	<gmd:fileIdentifier>
		<gco:CharacterString>*template*</gco:CharacterString>
	</gmd:fileIdentifier>
	<gmd:language>
		<gco:CharacterString>eng; USA</gco:CharacterString>
	</gmd:language>
	<gmd:characterSet>
		<gmd:MD_CharacterSetCode codeList="http://www.isotc211.org/2005/resources/Codelist/gmxCodelists.xml#MD_CharacterSetCode" codeListValue="utf8" codeSpace="004">utf8</gmd:MD_CharacterSetCode>
	</gmd:characterSet>
	<gmd:parentIdentifier/>
	<gmd:hierarchyLevel>
		<gmd:MD_ScopeCode codeList="http://www.isotc211.org/2005/resources/Codelist/gmxCodelists.xml#MD_ScopeCode" codeListValue="*template*">*template*</gmd:MD_ScopeCode>
	</gmd:hierarchyLevel>
	<gmd:hierarchyLevelName>
		<gco:CharacterString>*template*</gco:CharacterString>
	</gmd:hierarchyLevelName>
	<gmd:contact>
		<gmd:CI_ResponsibleParty>		
			<gmd:individualName>
				<gco:CharacterString>*template*</gco:CharacterString>
			</gmd:individualName>
			<gmd:organisationName>
				<gco:CharacterString>*template*</gco:CharacterString>
			</gmd:organisationName>
			<gmd:positionName>
				<gco:CharacterString>*template*</gco:CharacterString>
			</gmd:positionName>
			<gmd:contactInfo>
				<gmd:CI_Contact>
					<gmd:phone>
						<gmd:CI_Telephone>
							<gmd:voice>
								<gco:CharacterString>*template*</gco:CharacterString>
							</gmd:voice>
							<gmd:facsimile>
								<gco:CharacterString>*template*</gco:CharacterString>
							</gmd:facsimile>
						</gmd:CI_Telephone>
					</gmd:phone>
					<gmd:address>					
						<gmd:CI_Address>
							<gmd:deliveryPoint>
								<gco:CharacterString>*template*</gco:CharacterString>
							</gmd:deliveryPoint>
							<gmd:city>
								<gco:CharacterString>*template*</gco:CharacterString>
							</gmd:city>
							<gmd:administrativeArea>
								<gco:CharacterString>*template*</gco:CharacterString>
							</gmd:administrativeArea>
							<gmd:postalCode>
								<gco:CharacterString>*template*</gco:CharacterString>
							</gmd:postalCode>
							<gmd:country>
								<gco:CharacterString>*template*</gco:CharacterString>
							</gmd:country>
							<gmd:electronicMailAddress>
								<gco:CharacterString>*template*</gco:CharacterString>
							</gmd:electronicMailAddress>
						</gmd:CI_Address>
					</gmd:address>
					<gmd:onlineResource>
						<gmd:CI_OnlineResource>
							<gmd:linkage>
								<gmd:URL>*template*</gmd:URL>
							</gmd:linkage>																		
							<gmd:function>
								<gmd:CI_OnLineFunctionCode codeList="http://www.isotc211.org/2005/resources/Codelist/gmxCodelists.xml#CI_OnLineFunctionCode" codeListValue="*template*">*template*</gmd:CI_OnLineFunctionCode>
							</gmd:function>
						</gmd:CI_OnlineResource>						
					</gmd:onlineResource>
					<gmd:hoursOfService>
						<gco:CharacterString>*template*</gco:CharacterString>
					</gmd:hoursOfService>
					<gmd:contactInstructions>
						<gco:CharacterString>*template*</gco:CharacterString>
					</gmd:contactInstructions>
				</gmd:CI_Contact>
			</gmd:contactInfo>
			<gmd:role>
				<gmd:CI_RoleCode codeList="http://www.isotc211.org/2005/resources/Codelist/gmxCodelists.xml#CI_RoleCode" codeListValue="pointOfContact">pointOfContact</gmd:CI_RoleCode>
			</gmd:role>
		</gmd:CI_ResponsibleParty>
	</gmd:contact>
	<gmd:dateStamp>
		<gco:Date>*template*</gco:Date>
	</gmd:dateStamp>
	<gmd:metadataStandardName>
		<gco:CharacterString>ISO 19115-2 Geographic Information - Metadata - Part 2: Extensions for Imagery and Gridded Data</gco:CharacterString>
	</gmd:metadataStandardName>
	<gmd:metadataStandardVersion>
		<gco:CharacterString>ISO 19115-2:2009(E)</gco:CharacterString>
	</gmd:metadataStandardVersion>
	<!--delete this section if it does not apply-->
	<gmd:dataSetURI/>
	<gmd:locale/>
	<gmd:spatialRepresentationInfo>
		<gmd:MD_GridSpatialRepresentation>
			<gmd:numberOfDimensions>
				<gco:Integer>*template*</gco:Integer>
			</gmd:numberOfDimensions>
			<gmd:axisDimensionProperties>
				<gmd:MD_Dimension>
					<gmd:dimensionName>
						<gmd:MD_DimensionNameTypeCode codeList="http://www.isotc211.org/2005/resources/Codelist/gmxCodelists.xml#MD_DimensionNameTypeCode" codeListValue="*template*" codeSpace="*template*">*template*</gmd:MD_DimensionNameTypeCode>
					</gmd:dimensionName>
					<gmd:dimensionSize gco:nilReason="unknown"/>
					<gmd:resolution>
						<gco:Scale uom="*template*">*template*</gco:Scale>
					</gmd:resolution>
				</gmd:MD_Dimension>
			</gmd:axisDimensionProperties>
			<!--example:
			<gmd:axisDimensionProperties>
				<gmd:MD_Dimension>
					<gmd:dimensionName>
						<gmd:MD_DimensionNameTypeCode codeList="http://www.isotc211.org/2005/resources/Codelist/gmxCodelists.xml#MD_DimensionNameTypeCode" codeListValue="column" codeSpace="002">column</gmd:MD_DimensionNameTypeCode>
					</gmd:dimensionName>
					<gmd:dimensionSize gco:nilReason="unknown"/>
					<gmd:resolution>
						<gco:Scale uom="decimalDegrees">0.000001</gco:Scale>
					</gmd:resolution>
				</gmd:MD_Dimension>
			</gmd:axisDimensionProperties>
			<gmd:axisDimensionProperties>
				<gmd:MD_Dimension>
					<gmd:dimensionName>
						<gmd:MD_DimensionNameTypeCode codeList="http://www.isotc211.org/2005/resources/Codelist/gmxCodelists.xml#MD_DimensionNameTypeCode" codeListValue="vertical" codeSpace="003">vertical</gmd:MD_DimensionNameTypeCode>
					</gmd:dimensionName>
					<gmd:dimensionSize gco:nilReason="unknown"/>
					<gmd:resolution>
						<gco:Scale uom="meters">1</gco:Scale>
					</gmd:resolution>
				</gmd:MD_Dimension>
			</gmd:axisDimensionProperties>-->
			<gmd:cellGeometry>
				<gmd:MD_CellGeometryCode codeList="http://www.isotc211.org/2005/resources/Codelist/gmxCodelists.xml#MD_CellGeometryCode" codeListValue="*template*" codeSpace="*template*">*template*</gmd:MD_CellGeometryCode>
			</gmd:cellGeometry>
			<gmd:transformationParameterAvailability>
				<gco:Boolean>false</gco:Boolean>
			</gmd:transformationParameterAvailability>
		</gmd:MD_GridSpatialRepresentation>
	</gmd:spatialRepresentationInfo>
	<!--delete this section if it does not apply-->
	<gmd:referenceSystemInfo>
		<!--may use component here or reference from epsg registry-->
		<gmd:MD_ReferenceSystem>
			<gmd:referenceSystemIdentifier>
				<gmd:RS_Identifier>
					<gmd:authority>
						<gmd:CI_Citation>
							<gmd:title>
								<gco:CharacterString>*template*</gco:CharacterString>
							</gmd:title>
							<gmd:date>
								<gmd:CI_Date>
									<gmd:date>
										<gco:Date>*template*</gco:Date>
									</gmd:date>
									<gmd:dateType>
										<gmd:CI_DateTypeCode codeList="http://www.isotc211.org/2005/resources/Codelist/gmxCodelists.xml#CI_DateTypeCode" codeListValue="*template*" codeSpace="*template*">*template*</gmd:CI_DateTypeCode>
									</gmd:dateType>
								</gmd:CI_Date>
							</gmd:date>
							<gmd:citedResponsibleParty>
								<gmd:CI_ResponsibleParty>
									<gmd:organisationName>
										<gco:CharacterString>*template*</gco:CharacterString>
									</gmd:organisationName>
									<gmd:contactInfo>
										<gmd:CI_Contact>
											<gmd:onlineResource>
												<gmd:CI_OnlineResource>
													<gmd:linkage>
														<gmd:URL>*template*</gmd:URL>
													</gmd:linkage>
													<gmd:function>
														<gmd:CI_OnLineFunctionCode codeList="http://www.isotc211.org/2005/resources/Codelist/gmxCodelists.xml#CI_OnlineFunctionCode" codeListValue="*template*">*template*</gmd:CI_OnLineFunctionCode>
													</gmd:function>
												</gmd:CI_OnlineResource>
											</gmd:onlineResource>
										</gmd:CI_Contact>
									</gmd:contactInfo>
									<gmd:role>
										<gmd:CI_RoleCode codeList="http://www.isotc211.org/2005/resources/Codelist/gmxCodelists.xml#CI_RoleCode" codeListValue="resourceProvider" codeSpace="001">resourceProvider</gmd:CI_RoleCode>
									</gmd:role>
								</gmd:CI_ResponsibleParty>
							</gmd:citedResponsibleParty>
						</gmd:CI_Citation>
					</gmd:authority>
					<gmd:code>
						<gco:CharacterString>*template*</gco:CharacterString>
					</gmd:code>
				</gmd:RS_Identifier>
			</gmd:referenceSystemIdentifier>
		</gmd:MD_ReferenceSystem>
	</gmd:referenceSystemInfo>
	<!--example: 	<gmd:referenceSystemInfo>
		<gmd:MD_ReferenceSystem uuid="597772c0-751c-11e1-b0c4-0800200c9a66">
			<gmd:referenceSystemIdentifier>
				<gmd:RS_Identifier>
					<gmd:authority>
						<gmd:CI_Citation>
							<gmd:title>
								<gco:CharacterString>NAD83 / Conus Albers</gco:CharacterString>
							</gmd:title>
							<gmd:date>
								<gmd:CI_Date>
									<gmd:date>
										<gco:Date>2010-03-30</gco:Date>
									</gmd:date>
									<gmd:dateType>
										<gmd:CI_DateTypeCode codeList="http://www.isotc211.org/2005/resources/Codelist/gmxCodelists.xml#CI_DateTypeCode" codeListValue="revision" codeSpace="003">revision</gmd:CI_DateTypeCode>
									</gmd:dateType>
								</gmd:CI_Date>
							</gmd:date>
							<gmd:citedResponsibleParty>
								<gmd:CI_ResponsibleParty>
									<gmd:organisationName>
										<gco:CharacterString>European Petroleum Survey Group (EPSG)</gco:CharacterString>
									</gmd:organisationName>
									<gmd:contactInfo>
										<gmd:CI_Contact>
											<gmd:onlineResource>
												<gmd:CI_OnlineResource>
													<gmd:linkage>
														<gmd:URL>http://www.epsg-registry.org/export.htm?gml=urn:ogc:def:crs:EPSG::5070</gmd:URL>
													</gmd:linkage>
													<gmd:function>
														<gmd:CI_OnLineFunctionCode codeList="http://www.isotc211.org/2005/resources/Codelist/gmxCodelists.xml#CI_OnlineFunctionCode" codeListValue="information">information</gmd:CI_OnLineFunctionCode>
													</gmd:function>
												</gmd:CI_OnlineResource>
											</gmd:onlineResource>
										</gmd:CI_Contact>
									</gmd:contactInfo>
									<gmd:role>
										<gmd:CI_RoleCode codeList="http://www.isotc211.org/2005/resources/Codelist/gmxCodelists.xml#CI_RoleCode" codeListValue="resourceProvider" codeSpace="001">resourceProvider</gmd:CI_RoleCode>
									</gmd:role>
								</gmd:CI_ResponsibleParty>
							</gmd:citedResponsibleParty>
						</gmd:CI_Citation>
					</gmd:authority>
					<gmd:code>
						<gco:CharacterString>urn:ogc:def:crs:EPSG::5070</gco:CharacterString>
					</gmd:code>
				</gmd:RS_Identifier>
			</gmd:referenceSystemIdentifier>
		</gmd:MD_ReferenceSystem>
	</gmd:referenceSystemInfo>-->
	<gmd:metadataExtensionInfo/>
	<gmd:identificationInfo>
		<gmd:MD_DataIdentification>
			<gmd:citation>
				<gmd:CI_Citation>
					<gmd:title>
						<gco:CharacterString>*template*</gco:CharacterString>
					</gmd:title>
					<gmd:alternateTitle/>
					<gmd:date>
						<gmd:CI_Date>
							<gmd:date>
								<gco:Date>*template*</gco:Date>
							</gmd:date>
							<gmd:dateType>
								<gmd:CI_DateTypeCode codeList="http://www.isotc211.org/2005/resources/Codelist/gmxCodelists.xml#CI_DateTypeCode" codeListValue="*template*">*template*</gmd:CI_DateTypeCode>
							</gmd:dateType>
						</gmd:CI_Date>
					</gmd:date>
					<gmd:edition/>
					<gmd:editionDate/>
					<gmd:identifier/>
					<gmd:citedResponsibleParty>
						<gmd:CI_ResponsibleParty>		
							<gmd:individualName>
								<gco:CharacterString>*template*</gco:CharacterString>
							</gmd:individualName>
							<gmd:organisationName>
								<gco:CharacterString>*template*</gco:CharacterString>
							</gmd:organisationName>
							<gmd:positionName>
								<gco:CharacterString>*template*</gco:CharacterString>
							</gmd:positionName>
							<gmd:contactInfo>
								<gmd:CI_Contact>
									<gmd:phone>
										<gmd:CI_Telephone>
											<gmd:voice>
												<gco:CharacterString>*template*</gco:CharacterString>
											</gmd:voice>
											<gmd:facsimile>
												<gco:CharacterString>*template*</gco:CharacterString>
											</gmd:facsimile>
										</gmd:CI_Telephone>
									</gmd:phone>
									<gmd:address>					
										<gmd:CI_Address>
											<gmd:deliveryPoint>
												<gco:CharacterString>*template*</gco:CharacterString>
											</gmd:deliveryPoint>
											<gmd:city>
												<gco:CharacterString>*template*</gco:CharacterString>
											</gmd:city>
											<gmd:administrativeArea>
												<gco:CharacterString>*template*</gco:CharacterString>
											</gmd:administrativeArea>
											<gmd:postalCode>
												<gco:CharacterString>*template*</gco:CharacterString>
											</gmd:postalCode>
											<gmd:country>
												<gco:CharacterString>*template*</gco:CharacterString>
											</gmd:country>
											<gmd:electronicMailAddress>
												<gco:CharacterString>*template*</gco:CharacterString>
											</gmd:electronicMailAddress>
										</gmd:CI_Address>
									</gmd:address>
									<gmd:onlineResource>
										<gmd:CI_OnlineResource>
											<gmd:linkage>
												<gmd:URL>*template*</gmd:URL>
											</gmd:linkage>																		
											<gmd:function>
												<gmd:CI_OnLineFunctionCode codeList="http://www.isotc211.org/2005/resources/Codelist/gmxCodelists.xml#CI_OnLineFunctionCode" codeListValue="*template*">*template*</gmd:CI_OnLineFunctionCode>
											</gmd:function>
										</gmd:CI_OnlineResource>						
									</gmd:onlineResource>
									<gmd:hoursOfService>
										<gco:CharacterString>*template*</gco:CharacterString>
									</gmd:hoursOfService>
									<gmd:contactInstructions>
										<gco:CharacterString>*template*</gco:CharacterString>
									</gmd:contactInstructions>
								</gmd:CI_Contact>
							</gmd:contactInfo>
							<gmd:role>
								<gmd:CI_RoleCode codeList="http://www.isotc211.org/2005/resources/Codelist/gmxCodelists.xml#CI_RoleCode" codeListValue="pointOfContact">pointOfContact</gmd:CI_RoleCode>
							</gmd:role>
						</gmd:CI_ResponsibleParty>
					</gmd:citedResponsibleParty>
					<gmd:presentationForm>
						<gmd:CI_PresentationFormCode codeList="http://www.isotc211.org/2005/resources/Codelist/gmxCodelists.xml#CI_PresentationFormCode" codeListValue="*template*">*template*</gmd:CI_PresentationFormCode>
					</gmd:presentationForm>
					<gmd:series/>
					<gmd:otherCitationDetails/>
					<gmd:collectiveTitle/>
					<gmd:ISBN/>
					<gmd:ISSN/>					
				</gmd:CI_Citation>
			</gmd:citation>
			<gmd:abstract>
				<gco:CharacterString>*template*</gco:CharacterString>
			</gmd:abstract>
			<gmd:purpose>
				<gco:CharacterString>*template*</gco:CharacterString>
			</gmd:purpose>
			<gmd:credit/>
			<gmd:status>
				<gmd:MD_ProgressCode codeList="http://www.isotc211.org/2005/resources/Codelist/gmxCodelists.xml#MD_ProgressCode" codeListValue="*template*">*template*</gmd:MD_ProgressCode>
			</gmd:status>
			<gmd:pointOfContact>
				<gmd:CI_ResponsibleParty>		
					<gmd:individualName>
						<gco:CharacterString>*template*</gco:CharacterString>
					</gmd:individualName>
					<gmd:organisationName>
						<gco:CharacterString>*template*</gco:CharacterString>
					</gmd:organisationName>
					<gmd:positionName>
						<gco:CharacterString>*template*</gco:CharacterString>
					</gmd:positionName>
					<gmd:contactInfo>
						<gmd:CI_Contact>
							<gmd:phone>
								<gmd:CI_Telephone>
									<gmd:voice>
										<gco:CharacterString>*template*</gco:CharacterString>
									</gmd:voice>
									<gmd:facsimile>
										<gco:CharacterString>*template*</gco:CharacterString>
									</gmd:facsimile>
								</gmd:CI_Telephone>
							</gmd:phone>
							<gmd:address>					
								<gmd:CI_Address>
									<gmd:deliveryPoint>
										<gco:CharacterString>*template*</gco:CharacterString>
									</gmd:deliveryPoint>
									<gmd:city>
										<gco:CharacterString>*template*</gco:CharacterString>
									</gmd:city>
									<gmd:administrativeArea>
										<gco:CharacterString>*template*</gco:CharacterString>
									</gmd:administrativeArea>
									<gmd:postalCode>
										<gco:CharacterString>*template*</gco:CharacterString>
									</gmd:postalCode>
									<gmd:country>
										<gco:CharacterString>*template*</gco:CharacterString>
									</gmd:country>
									<gmd:electronicMailAddress>
										<gco:CharacterString>*template*</gco:CharacterString>
									</gmd:electronicMailAddress>
								</gmd:CI_Address>
							</gmd:address>
							<gmd:onlineResource>
								<gmd:CI_OnlineResource>
									<gmd:linkage>
										<gmd:URL>*template*</gmd:URL>
									</gmd:linkage>																		
									<gmd:function>
										<gmd:CI_OnLineFunctionCode codeList="http://www.isotc211.org/2005/resources/Codelist/gmxCodelists.xml#CI_OnLineFunctionCode" codeListValue="*template*">*template*</gmd:CI_OnLineFunctionCode>
									</gmd:function>
								</gmd:CI_OnlineResource>						
							</gmd:onlineResource>
							<gmd:hoursOfService>
								<gco:CharacterString>*template*</gco:CharacterString>
							</gmd:hoursOfService>
							<gmd:contactInstructions>
								<gco:CharacterString>*template*</gco:CharacterString>
							</gmd:contactInstructions>
						</gmd:CI_Contact>
					</gmd:contactInfo>
					<gmd:role>
						<gmd:CI_RoleCode codeList="http://www.isotc211.org/2005/resources/Codelist/gmxCodelists.xml#CI_RoleCode" codeListValue="pointOfContact">pointOfContact</gmd:CI_RoleCode>
					</gmd:role>
				</gmd:CI_ResponsibleParty>
			</gmd:pointOfContact>
			<gmd:resourceMaintenance>
				<gmd:MD_MaintenanceInformation>
					<gmd:maintenanceAndUpdateFrequency>
						<gmd:MD_MaintenanceFrequencyCode codeList="http://www.isotc211.org/2005/resources/Codelist/gmxCodelists.xml#MD_MaintenanceFrequencyCode" codeListValue="*template*">*template*</gmd:MD_MaintenanceFrequencyCode>
					</gmd:maintenanceAndUpdateFrequency>
				</gmd:MD_MaintenanceInformation>
			</gmd:resourceMaintenance>
			<gmd:graphicOverview/>
			<gmd:resourceFormat/>
			<gmd:descriptiveKeywords>
				<gmd:MD_Keywords>
					<gmd:keyword>
						<gco:CharacterString>*template*</gco:CharacterString>
					</gmd:keyword>
					<gmd:type>
						<gmd:MD_KeywordTypeCode codeList="http://www.isotc211.org/2005/resources/Codelist/gmxCodelists.xml#MD_KeywordTypeCode" codeListValue="theme">theme</gmd:MD_KeywordTypeCode>
					</gmd:type>
					<gmd:thesaurusName>
						<gmd:CI_Citation>
							<gmd:title>
								<gco:CharacterString>User</gco:CharacterString>
							</gmd:title>
							<gmd:date gco:nilReason="unknown"/>
						</gmd:CI_Citation>
					</gmd:thesaurusName>
				</gmd:MD_Keywords>
			</gmd:descriptiveKeywords>
			<gmd:descriptiveKeywords>
				<gmd:MD_Keywords>								
					<gmd:keyword>
						<gco:CharacterString>*template*</gco:CharacterString>
					</gmd:keyword>
					<gmd:type>
						<gmd:MD_KeywordTypeCode codeList="http://www.isotc211.org/2005/resources/Codelist/gmxCodelists.xml#MD_KeywordTypeCode" codeListValue="theme">theme</gmd:MD_KeywordTypeCode>
					</gmd:type>
					<gmd:thesaurusName>
						<gmd:CI_Citation>
							<gmd:title>
								<gco:CharacterString>EPA GIS Keyword Thesaurus</gco:CharacterString>
							</gmd:title>
							<gmd:date gco:nilReason="unknown" />
						</gmd:CI_Citation>
					</gmd:thesaurusName>
				</gmd:MD_Keywords>
			</gmd:descriptiveKeywords>
			<gmd:descriptiveKeywords>
				<gmd:MD_Keywords>
					<gmd:keyword>
						<gco:CharacterString>*template*</gco:CharacterString>
					</gmd:keyword>
					<gmd:type>
						<gmd:MD_KeywordTypeCode codeList="http://www.isotc211.org/2005/resources/Codelist/gmxCodelists.xml#MD_KeywordTypeCode" codeListValue="place" codeSpace="002">place</gmd:MD_KeywordTypeCode>
					</gmd:type>
					<gmd:thesaurusName>
						<gmd:CI_Citation>
							<gmd:title>
								<gco:CharacterString>None</gco:CharacterString>
							</gmd:title>
							<gmd:date gco:nilReason="unknown" />
						</gmd:CI_Citation>
					</gmd:thesaurusName>
				</gmd:MD_Keywords>
			</gmd:descriptiveKeywords>
			<gmd:resourceSpecificUsage/>
			<gmd:resourceConstraints>
				<gmd:MD_Constraints>					
					<gmd:useLimitation>
						<gco:CharacterString>*template*</gco:CharacterString>
					</gmd:useLimitation>
				</gmd:MD_Constraints>
			</gmd:resourceConstraints>
			<gmd:resourceConstraints>
				<gmd:MD_LegalConstraints>
					<gmd:useLimitation>
						<gco:CharacterString>*template*</gco:CharacterString>
					</gmd:useLimitation>
					<gmd:accessConstraints>
						<gmd:MD_RestrictionCode codeList="http://www.isotc211.org/2005/resources/Codelist/gmxCodelists.xml#MD_RestrictionCode" codeListValue="*template*">*template*</gmd:MD_RestrictionCode>
					</gmd:accessConstraints>
					<gmd:useConstraints>
						<gmd:MD_RestrictionCode codeList="http://www.isotc211.org/2005/resources/Codelist/gmxCodelists.xml#MD_RestrictionCode" codeListValue="*template*">*template*</gmd:MD_RestrictionCode>
					</gmd:useConstraints>
					<gmd:otherConstraints>
						<gco:CharacterString>*template*</gco:CharacterString>
					</gmd:otherConstraints>
				</gmd:MD_LegalConstraints>
			</gmd:resourceConstraints>
			<gmd:resourceConstraints>
				<gmd:MD_SecurityConstraints>
					<gmd:useLimitation>
						<gco:CharacterString>*template*</gco:CharacterString>
					</gmd:useLimitation>
					<gmd:classification>
						<gmd:MD_ClassificationCode codeList="http://www.isotc211.org/2005/resources/Codelist/gmxCodelists.xml#MD_ClassificationCode" codeListValue="*template*">*template*</gmd:MD_ClassificationCode>
					</gmd:classification>
					<gmd:userNote>
						<gco:CharacterString>*template*</gco:CharacterString>
					</gmd:userNote>
					<gmd:classificationSystem>
						<gco:CharacterString>*template*</gco:CharacterString>
					</gmd:classificationSystem>
					<gmd:handlingDescription>
						<gco:CharacterString>*template*</gco:CharacterString>
					</gmd:handlingDescription>
				</gmd:MD_SecurityConstraints>
			</gmd:resourceConstraints>
			<gmd:language>
				<gco:CharacterString>eng; USA</gco:CharacterString>
			</gmd:language>
			<gmd:topicCategory>
				<gmd:MD_TopicCategoryCode>*template*</gmd:MD_TopicCategoryCode>
			</gmd:topicCategory>
			<gmd:environmentDescription/>
			<gmd:extent>
				<gmd:EX_Extent id="boundingExtent1">
					<gmd:description>
						<gco:CharacterString>*template*</gco:CharacterString>
					</gmd:description>
					<gmd:geographicElement>
						<gmd:EX_GeographicBoundingBox id="boundingGeographicBoundingBox1">
							<gmd:westBoundLongitude>
								<gco:Decimal>*template*</gco:Decimal>
							</gmd:westBoundLongitude>
							<gmd:eastBoundLongitude>
								<gco:Decimal>*template*</gco:Decimal>
							</gmd:eastBoundLongitude>
							<gmd:southBoundLatitude>
								<gco:Decimal>*template*</gco:Decimal>
							</gmd:southBoundLatitude>
							<gmd:northBoundLatitude>
								<gco:Decimal>*template*</gco:Decimal>
							</gmd:northBoundLatitude>
						</gmd:EX_GeographicBoundingBox>
					</gmd:geographicElement>
					<gmd:temporalElement>
						<gmd:EX_TemporalExtent>
							<gmd:extent>
								<gml:TimePeriod gml:id="boundingTimePeriodExtent1">
									<gml:description>*template*</gml:description>
									<gml:beginPosition>*template*</gml:beginPosition>
									<gml:endPosition>*template*</gml:endPosition>
									<gml:timeInterval unit="UnitValue">*template*</gml:timeInterval>
								</gml:TimePeriod>
							</gmd:extent>
						</gmd:EX_TemporalExtent>
					</gmd:temporalElement>
					<gmd:temporalElement>
						<gmd:EX_TemporalExtent>
							<gmd:extent>
								<gml:TimeInstant gml:id="boundingTimeInstantExtent1">
									<gml:description>*template*</gml:description>
									<gml:timePosition>*template*</gml:timePosition>
								</gml:TimeInstant>
							</gmd:extent>
						</gmd:EX_TemporalExtent>
					</gmd:temporalElement>
				</gmd:EX_Extent>
			</gmd:extent>
			<gmd:supplementalInformation/>
		</gmd:MD_DataIdentification>
	</gmd:identificationInfo>
	<gmd:contentInfo>
		<gmd:MD_FeatureCatalogueDescription>
			<gmd:includedWithDataset>
				<gco:Boolean>false</gco:Boolean>
			</gmd:includedWithDataset>
			<gmd:featureCatalogueCitation gco:nilReason="unknown"/>
		</gmd:MD_FeatureCatalogueDescription>
		<!--if there i a feature catalog, use this:
		<gmd:MD_FeatureCatalogueDescription>
			<gmd:includedWithDataset>
				<gco:Boolean>true</gco:Boolean>
			</gmd:includedWithDataset>
			<gmd:featureTypes>
				<gco:LocalName codeSpace="Header"/>
			</gmd:featureTypes>
			<gmd:featureTypes>
				<gco:LocalName codeSpace="*template*"/>
			</gmd:featureTypes>
			<gmd:featureCatalogueCitation>
				<gmd:CI_Citation>
					<gmd:title>
						<gco:CharacterString>*template* insert Feature Catalogue record title</gco:CharacterString>
					</gmd:title>
					<gmd:date gco:nilReason="unknown"/>
					<gmd:citedResponsibleParty>
						<gmd:CI_ResponsibleParty>
							<gmd:organisationName>
								<gco:CharacterString>*template* insert feature catalogue citation</gco:CharacterString>
							</gmd:organisationName>
							<gmd:contactInfo>
								<gmd:CI_Contact>
									<gmd:phone>
										<gmd:CI_Telephone>
											<gmd:voice>
												<gco:CharacterString>*template*</gco:CharacterString>
											</gmd:voice>
											<gmd:voice>
												<gco:CharacterString>*template*</gco:CharacterString>
											</gmd:voice>
											<gmd:facsimile>
												<gco:CharacterString>*template*</gco:CharacterString>
											</gmd:facsimile>
										</gmd:CI_Telephone>
									</gmd:phone>
									<gmd:address>
										<gmd:CI_Address>
											<gmd:deliveryPoint>
												<gco:CharacterString>*template*</gco:CharacterString>
											</gmd:deliveryPoint>
											<gmd:city>
												<gco:CharacterString>*template*</gco:CharacterString>
											</gmd:city>
											<gmd:administrativeArea>
												<gco:CharacterString>*template*</gco:CharacterString>
											</gmd:administrativeArea>
											<gmd:postalCode>
												<gco:CharacterString>*template*</gco:CharacterString>
											</gmd:postalCode>
											<gmd:country>
												<gco:CharacterString>*template*</gco:CharacterString>
											</gmd:country>
											<gmd:electronicMailAddress>
												<gco:CharacterString>*template*</gco:CharacterString>
											</gmd:electronicMailAddress>
										</gmd:CI_Address>
									</gmd:address>
									<gmd:onlineResource>
										<gmd:CI_OnlineResource>
											<gmd:linkage>
												<gmd:URL>*template* insert link to feature catalogue if you have one</gmd:URL>
											</gmd:linkage>
											<gmd:protocol>
												<gco:CharacterString>*template*</gco:CharacterString>
											</gmd:protocol>
										</gmd:CI_OnlineResource>
									</gmd:onlineResource>
									<gmd:hoursOfService>
										<gco:CharacterString>*template*</gco:CharacterString>
									</gmd:hoursOfService>
								</gmd:CI_Contact>
							</gmd:contactInfo>
							<gmd:role>
								<gmd:CI_RoleCode codeList="http://www.isotc211.org/2005/resources/Codelist/gmxCodelists.xml#CI_RoleCode" codeListValue="pointOfContact" codeSpace="007">pointOfContact</gmd:CI_RoleCode>
							</gmd:role>
						</gmd:CI_ResponsibleParty>
					</gmd:citedResponsibleParty>
					<gmd:otherCitationDetails>
						<gco:CharacterString>*template* Entity and Attribute Overview </gco:CharacterString>
					</gmd:otherCitationDetails>
				</gmd:CI_Citation>
			</gmd:featureCatalogueCitation>
		</gmd:MD_FeatureCatalogueDescription>-->
		<!--another example:
		<gmd:MD_FeatureCatalogueDescription>
			<gmd:includedWithDataset>
				<gco:Boolean>true</gco:Boolean>
			</gmd:includedWithDataset>
			<gmd:featureCatalogueCitation>
				<gmd:CI_Citation>
					<gmd:title>
						<gco:CharacterString>*template* insert Feature Catalogue record title</gco:CharacterString>
					</gmd:title>
					<gmd:date gco:nilReason="missing"/>
					<gmd:identifier>
						<gmd:MD_Identifier>
							<gmd:code>
								<gco:CharacterString>*template* insert uuid of feature catalogue record</gco:CharacterString>
							</gmd:code>
						</gmd:MD_Identifier>
					</gmd:identifier>
				</gmd:CI_Citation>
			</gmd:featureCatalogueCitation>
		</gmd:MD_FeatureCatalogueDescription>-->
	</gmd:contentInfo>
	<!--remove this section if it does not apply-->
	<gmd:distributionInfo>
		<gmd:MD_Distribution>
			<gmd:distributor>
				<gmd:MD_Distributor>
					<gmd:distributorContact>
						<gmd:CI_ResponsibleParty>		
							<gmd:individualName>
								<gco:CharacterString>*template*</gco:CharacterString>
							</gmd:individualName>
							<gmd:organisationName>
								<gco:CharacterString>*template*</gco:CharacterString>
							</gmd:organisationName>
							<gmd:positionName>
								<gco:CharacterString>*template*</gco:CharacterString>
							</gmd:positionName>
							<gmd:contactInfo>
								<gmd:CI_Contact>
									<gmd:phone>
										<gmd:CI_Telephone>
											<gmd:voice>
												<gco:CharacterString>*template*</gco:CharacterString>
											</gmd:voice>
											<gmd:facsimile>
												<gco:CharacterString>*template*</gco:CharacterString>
											</gmd:facsimile>
										</gmd:CI_Telephone>
									</gmd:phone>
									<gmd:address>					
										<gmd:CI_Address>
											<gmd:deliveryPoint>
												<gco:CharacterString>*template*</gco:CharacterString>
											</gmd:deliveryPoint>
											<gmd:city>
												<gco:CharacterString>*template*</gco:CharacterString>
											</gmd:city>
											<gmd:administrativeArea>
												<gco:CharacterString>*template*</gco:CharacterString>
											</gmd:administrativeArea>
											<gmd:postalCode>
												<gco:CharacterString>*template*</gco:CharacterString>
											</gmd:postalCode>
											<gmd:country>
												<gco:CharacterString>*template*</gco:CharacterString>
											</gmd:country>
											<gmd:electronicMailAddress>
												<gco:CharacterString>*template*</gco:CharacterString>
											</gmd:electronicMailAddress>
										</gmd:CI_Address>
									</gmd:address>
									<gmd:onlineResource>
										<gmd:CI_OnlineResource>
											<gmd:linkage>
												<gmd:URL>*template*</gmd:URL>
											</gmd:linkage>																		
											<gmd:function>
												<gmd:CI_OnLineFunctionCode codeList="http://www.isotc211.org/2005/resources/Codelist/gmxCodelists.xml#CI_OnLineFunctionCode" codeListValue="*template*">*template*</gmd:CI_OnLineFunctionCode>
											</gmd:function>
										</gmd:CI_OnlineResource>						
									</gmd:onlineResource>
									<gmd:hoursOfService>
										<gco:CharacterString>*template*</gco:CharacterString>
									</gmd:hoursOfService>
									<gmd:contactInstructions>
										<gco:CharacterString>*template*</gco:CharacterString>
									</gmd:contactInstructions>
								</gmd:CI_Contact>
							</gmd:contactInfo>
							<gmd:role>
								<gmd:CI_RoleCode codeList="http://www.isotc211.org/2005/resources/Codelist/gmxCodelists.xml#CI_RoleCode" codeListValue="pointOfContact">pointOfContact</gmd:CI_RoleCode>
							</gmd:role>
						</gmd:CI_ResponsibleParty>
					</gmd:distributorContact>
					<gmd:distributionOrderProcess>
						<gmd:MD_StandardOrderProcess>
							<gmd:fees>
								<gco:CharacterString>*template*</gco:CharacterString>
							</gmd:fees>
							<gmd:plannedAvailableDateTime>
								<gco:DateTime>*template*</gco:DateTime>
							</gmd:plannedAvailableDateTime>
							<gmd:orderingInstructions>
								<gco:CharacterString>*template*</gco:CharacterString>
							</gmd:orderingInstructions>
							<gmd:turnaround>
								<gco:CharacterString>*template*</gco:CharacterString>
							</gmd:turnaround>
						</gmd:MD_StandardOrderProcess>
					</gmd:distributionOrderProcess>
					<gmd:distributorFormat>
						<gmd:MD_Format>
							<gmd:name>
								<gco:CharacterString>*template*</gco:CharacterString>
							</gmd:name>
							<gmd:version>
								<gco:CharacterString>*template*</gco:CharacterString>
							</gmd:version>
							<gmd:amendmentNumber>
								<gco:CharacterString>*template*</gco:CharacterString>
							</gmd:amendmentNumber>
							<gmd:specification>
								<gco:CharacterString>*template*</gco:CharacterString>
							</gmd:specification>
							<gmd:fileDecompressionTechnique>
								<gco:CharacterString>*template*</gco:CharacterString>
							</gmd:fileDecompressionTechnique>
						</gmd:MD_Format>
					</gmd:distributorFormat>
					<gmd:distributorTransferOptions>
						<gmd:MD_DigitalTransferOptions>
							<gmd:unitsOfDistribution>
								<gco:CharacterString>*template*</gco:CharacterString>
							</gmd:unitsOfDistribution>
							<gmd:transferSize>
								<gco:Real>*template*</gco:Real>
							</gmd:transferSize>
							<gmd:onLine>
								<gmd:CI_OnlineResource>
									<gmd:linkage>
										<gmd:URL>*template*</gmd:URL>
									</gmd:linkage>
									<gmd:protocol>
										<gco:CharacterString>*template*</gco:CharacterString>
									</gmd:protocol>
									<gmd:applicationProfile>
										<gco:CharacterString>*template*</gco:CharacterString>
									</gmd:applicationProfile>
									<gmd:name>
										<gco:CharacterString>*template*</gco:CharacterString>
									</gmd:name>
									<gmd:description>
										<gco:CharacterString>*template*</gco:CharacterString>
									</gmd:description>									
									<gmd:function>
										<gmd:CI_OnLineFunctionCode codeList="http://www.ngdc.noaa.gov/metadata/published/xsd/schema/resources/Codelist/gmxCodelists.xml#CI_OnLineFunctionCode" codeListValue="*template*">*template*</gmd:CI_OnLineFunctionCode>
									</gmd:function>
								</gmd:CI_OnlineResource>
							</gmd:onLine>
							<gmd:offLine>
								<gmd:MD_Medium>
									<gmd:name>
										<gmd:MD_MediumNameCode codeList="http://www.ngdc.noaa.gov/metadata/published/xsd/schema/resources/Codelist/gmxCodelists.xml#MD_MediumNameCode" codeListValue="*template*">*template*</gmd:MD_MediumNameCode>
									</gmd:name>
									<gmd:density>
										<gco:Real>*template*</gco:Real>
									</gmd:density>
									<gmd:densityUnits>
										<gco:CharacterString>*template*</gco:CharacterString>
									</gmd:densityUnits>
									<gmd:volumes>
										<gco:Integer>*template*</gco:Integer>
									</gmd:volumes>
									<gmd:mediumFormat>
										<gmd:MD_MediumFormatCode codeList="http://www.ngdc.noaa.gov/metadata/published/xsd/schema/resources/Codelist/gmxCodelists.xml#MD_MediumFormatCode" codeListValue="*template*">*template*</gmd:MD_MediumFormatCode>
									</gmd:mediumFormat>
									<gmd:mediumNote>
										<gco:CharacterString>*template*</gco:CharacterString>
									</gmd:mediumNote>								
								</gmd:MD_Medium>								
							</gmd:offLine>							
						</gmd:MD_DigitalTransferOptions>
					</gmd:distributorTransferOptions>
				</gmd:MD_Distributor>
			</gmd:distributor>
			<gmd:transferOptions>
				<!--transfer options is repeatable-->
				<gmd:MD_DigitalTransferOptions>
					<gmd:onLine>
						<gmd:CI_OnlineResource>
							<gmd:linkage>
								<gmd:URL>*template*</gmd:URL>
							</gmd:linkage>
							<gmd:function>
								<gmd:CI_OnLineFunctionCode codeList="http://www.ngdc.noaa.gov/metadata/published/xsd/schema/resources/Codelist/gmxCodelists.xml#CI_OnLineFunctionCode" codeListValue="*template*">*template*</gmd:CI_OnLineFunctionCode>
							</gmd:function>
						</gmd:CI_OnlineResource>
					</gmd:onLine>
				</gmd:MD_DigitalTransferOptions>
			</gmd:transferOptions>
		</gmd:MD_Distribution>
	</gmd:distributionInfo>
	<!--remove this section if it does not apply-->	
	<gmd:dataQualityInfo>
		<gmd:DQ_DataQuality>
			<gmd:scope gco:nilReason="unknown"/>
			<gmd:report>
				<!--may also use a report such as this:-->
				<gmi:QE_Usability>
					<gmd:nameOfMeasure>
						<gco:CharacterString>name of the test applied to the data to assure data quality</gco:CharacterString>
					</gmd:nameOfMeasure>
					<gmd:measureDescription>
						<!--optional-->
						<gco:CharacterString>description of the measure applied to the dataset to assure quality</gco:CharacterString>
					</gmd:measureDescription>
					<gmd:evaluationMethodDescription>
						<!--optional-->
						<gco:CharacterString>description of the evaluation method applied to the dataset</gco:CharacterString>
					</gmd:evaluationMethodDescription>
					<gmd:evaluationProcedure>
						<!--optional-->
						<gmd:CI_Citation>
							<!--citation for the evaluation procedure-->
							<gmd:title/>
							<gmd:date/>
						</gmd:CI_Citation>
					</gmd:evaluationProcedure>
					<gmd:result>
						<gmd:DQ_QuantitativeResult>
							<gmd:valueUnit>
								<gml:BaseUnit gml:id="m">
									<gml:identifier codeSpace="http://urn.opengis.net/">urn:ogc:def:uom:OGC::m</gml:identifier>
									<gml:name>meter</gml:name>
									<gml:unitsSystem xlink:href="http://www.bipm.fr/en/si/"/>
								</gml:BaseUnit>
							</gmd:valueUnit>
							<gmd:value>
								<gco:Record xsi:type="gco:Real_PropertyType">
									<gco:Real>-0.116</gco:Real>
								</gco:Record>
							</gmd:value>
							<gmd:value>
								<gco:Record xsi:type="gco:Real_PropertyType">
									<gco:Real>0.031</gco:Real>
								</gco:Record>
							</gmd:value>
							<gmd:value>
								<gco:Record xsi:type="gco:Real_PropertyType">
									<gco:Real>-0.027</gco:Real>
								</gco:Record>
							</gmd:value>
							<gmd:value>
								<gco:Record xsi:type="gco:Real_PropertyType">
									<gco:Real>-0.234</gco:Real>
								</gco:Record>
							</gmd:value>
						</gmd:DQ_QuantitativeResult>
					</gmd:result>
				</gmi:QE_Usability>
			</gmd:report>
			<gmd:report>
				<gmd:DQ_CompletenessCommission>
					<gmd:evaluationMethodDescription>
						<gco:CharacterString>*template*</gco:CharacterString>
					</gmd:evaluationMethodDescription>
					<gmd:result gco:nilReason="unknown"/>
				</gmd:DQ_CompletenessCommission>
			</gmd:report>
			<gmd:report>
				<gmd:DQ_CompletenessOmission>
					<gmd:evaluationMethodDescription>
						<gco:CharacterString>*template*</gco:CharacterString>
					</gmd:evaluationMethodDescription>
					<gmd:result gco:nilReason="unknown"/>
				</gmd:DQ_CompletenessOmission>
			</gmd:report>
			<gmd:report>
				<gmd:DQ_QuantitativeAttributeAccuracy>
					<gmd:nameOfMeasure>
						<gco:CharacterString>*template*</gco:CharacterString>
					</gmd:nameOfMeasure>
					<gmd:measureDescription>
						<gco:CharacterString>*template*</gco:CharacterString>
					</gmd:measureDescription>
					<gmd:evaluationMethodDescription>
						<gco:CharacterString>*template*</gco:CharacterString>
					</gmd:evaluationMethodDescription>
					<!--check other result documentation methods in ISO to see if any of those are better...here is the generic way to document-->
					<gmd:result>
						<gmd:DQ_QuantitativeResult>
							<gmd:value>
								<gco:Record>*template*</gco:Record>
							</gmd:value>
						</gmd:DQ_QuantitativeResult>
					</gmd:result>
				</gmd:DQ_QuantitativeAttributeAccuracy>
			</gmd:report>
			<gmd:lineage>
				<gmd:LI_Lineage>
					<gmd:processStep>
						<!--repeat process step for each step in the process-->
						<gmd:LI_ProcessStep>
							<gmd:description>
								<gco:CharacterString>*template*</gco:CharacterString>
							</gmd:description>
							<gmd:dateTime>
								<gco:DateTime>*template*</gco:DateTime>
							</gmd:dateTime>
						</gmd:LI_ProcessStep>
					</gmd:processStep>
					<!--add source information here if applicaable-->
				</gmd:LI_Lineage>
			</gmd:lineage>
		</gmd:DQ_DataQuality>
	</gmd:dataQualityInfo>
	<gmd:portrayalCatalogueInfo/>
	<gmd:metadataConstraints/>
	<gmd:applicationSchemaInfo/>	
	<gmd:metadataMaintenance>
		<gmd:MD_MaintenanceInformation>
			<gmd:maintenanceAndUpdateFrequency gco:nilReason="unknown"/>
			<gmd:maintenanceNote>
				<gco:CharacterString>*template*</gco:CharacterString>
			</gmd:maintenanceNote>
			<gmd:contact>
				<gmd:CI_ResponsibleParty>		
					<gmd:individualName>
						<gco:CharacterString>*template*</gco:CharacterString>
					</gmd:individualName>
					<gmd:organisationName>
						<gco:CharacterString>*template*</gco:CharacterString>
					</gmd:organisationName>
					<gmd:positionName>
						<gco:CharacterString>*template*</gco:CharacterString>
					</gmd:positionName>
					<gmd:contactInfo>
						<gmd:CI_Contact>
							<gmd:phone>
								<gmd:CI_Telephone>
									<gmd:voice>
										<gco:CharacterString>*template*</gco:CharacterString>
									</gmd:voice>
									<gmd:facsimile>
										<gco:CharacterString>*template*</gco:CharacterString>
									</gmd:facsimile>
								</gmd:CI_Telephone>
							</gmd:phone>
							<gmd:address>					
								<gmd:CI_Address>
									<gmd:deliveryPoint>
										<gco:CharacterString>*template*</gco:CharacterString>
									</gmd:deliveryPoint>
									<gmd:city>
										<gco:CharacterString>*template*</gco:CharacterString>
									</gmd:city>
									<gmd:administrativeArea>
										<gco:CharacterString>*template*</gco:CharacterString>
									</gmd:administrativeArea>
									<gmd:postalCode>
										<gco:CharacterString>*template*</gco:CharacterString>
									</gmd:postalCode>
									<gmd:country>
										<gco:CharacterString>*template*</gco:CharacterString>
									</gmd:country>
									<gmd:electronicMailAddress>
										<gco:CharacterString>*template*</gco:CharacterString>
									</gmd:electronicMailAddress>
								</gmd:CI_Address>
							</gmd:address>
							<gmd:onlineResource>
								<gmd:CI_OnlineResource>
									<gmd:linkage>
										<gmd:URL>*template*</gmd:URL>
									</gmd:linkage>																		
									<gmd:function>
										<gmd:CI_OnLineFunctionCode codeList="http://www.isotc211.org/2005/resources/Codelist/gmxCodelists.xml#CI_OnLineFunctionCode" codeListValue="*template*">*template*</gmd:CI_OnLineFunctionCode>
									</gmd:function>
								</gmd:CI_OnlineResource>						
							</gmd:onlineResource>
							<gmd:hoursOfService>
								<gco:CharacterString>*template*</gco:CharacterString>
							</gmd:hoursOfService>
							<gmd:contactInstructions>
								<gco:CharacterString>*template*</gco:CharacterString>
							</gmd:contactInstructions>
						</gmd:CI_Contact>
					</gmd:contactInfo>
					<gmd:role>
						<gmd:CI_RoleCode codeList="http://www.isotc211.org/2005/resources/Codelist/gmxCodelists.xml#CI_RoleCode" codeListValue="pointOfContact">pointOfContact</gmd:CI_RoleCode>
					</gmd:role>
				</gmd:CI_ResponsibleParty>
			</gmd:contact>
		</gmd:MD_MaintenanceInformation>
	</gmd:metadataMaintenance>
	<!--specific to 19115-2; delete if this does not apply-->
	<gmi:acquisitionInformation>
		<gmi:MI_AcquisitionInformation>
			<!--instruments brought on board, may also use components-->
			<gmi:instrument>
				<gmi:MI_Instrument>
					<gmi:identifier>
						<gmd:MD_Identifier>
							<gmd:code>
								<gco:CharacterString>*Sensor name*</gco:CharacterString>
							</gmd:code>-->
					</gmd:MD_Identifier>
				</gmi:identifier>
				<gmi:type>
					<gmx:Anchor xlink:href="http://www.rvdata.us/voc/devicetype/*devicetype*">*device type*</gmx:Anchor>
				</gmi:type>
				<!-- if you do not wish to use the UNOLS device type vocabulary and want to use free text, use this:
				<gmi:type>
					<gco:CharacterString>*Sensor type*</gco:CharacterString>
				</gmi:type>-->
			</gmi:MI_Instrument>
		</gmi:instrument>
		<!--example:
			<gmi:instrument>
				<gmi:MI_Instrument>
					<gmi:identifier>
						<gmd:MD_Identifier>
							<gmd:code>
								<gco:CharacterString>Push Core</gco:CharacterString>
							</gmd:code>
						</gmd:MD_Identifier>
					</gmi:identifier>
					<gmi:type>
						<gco:CharacterString>Sediment Core</gco:CharacterString>
					</gmi:type>
				</gmi:MI_Instrument>
			</gmi:instrument>
			<gmi:instrument>
				<gmi:MI_Instrument>
					<gmi:identifier>
						<gmd:MD_Identifier>
							<gmd:code>
								<gco:CharacterString>Vibracorer</gco:CharacterString>
							</gmd:code>
						</gmd:MD_Identifier>
					</gmi:identifier>
					<gmi:type>
						<gco:CharacterString>Sediment Core</gco:CharacterString>
					</gmi:type>
				</gmi:MI_Instrument>
			</gmi:instrument>-->
		<!--may want to use platform components or look at UNOLS Vessel vocabulary (http://www.rvdata.us/voc/vessel)-->
		<gmi:platform>
			<gmi:MI_Platform>
				<gmi:identifier>
					<gmd:MD_Identifier>
						<gmd:code>
							<gco:CharacterString>*unique ship identifier such as EX1003, etc.*</gco:CharacterString>
						</gmd:code>
					</gmd:MD_Identifier>
				</gmi:identifier>
				<gmi:description>
					<gco:CharacterString>*brief description of the vessel*</gco:CharacterString>
				</gmi:description>
				<!--instruments onboard ship-->
				<gmi:instrument>*insert instrument section of instruments on vessel (bottled down to the ship)*</gmi:instrument>
			</gmi:MI_Platform>
		</gmi:platform>
		<!--may use platform components and fuller documentation of instrumentation (brought onboard)-->
	</gmi:MI_AcquisitionInformation>
</gmi:acquisitionInformation>
</gmi:MI_Metadata>